model	objective	reaction	status	value
./model.xml	obj	R_12DGR140tipp	optimal	77.4950629151343
./model.xml	obj	R_12DGR160tipp	optimal	77.4950629151343
./model.xml	obj	R_12DGR161tipp	optimal	77.4950629151343
./model.xml	obj	R_12DGR180tipp	optimal	77.4950629151343
./model.xml	obj	R_12DGR181tipp	optimal	77.4950629151343
./model.xml	obj	R_2AGPE120tipp	optimal	77.4950629151343
./model.xml	obj	R_2AGPE140tipp	optimal	77.4950629151343
./model.xml	obj	R_2AGPE141tipp	optimal	77.4950629151343
./model.xml	obj	R_2AGPE160tipp	optimal	77.4950629151343
./model.xml	obj	R_2AGPE161tipp	optimal	77.4950629151343
./model.xml	obj	R_2AGPE180tipp	optimal	77.4950629151343
./model.xml	obj	R_2AGPEAT140	optimal	77.4950629151343
./model.xml	obj	R_2AGPEAT141	optimal	77.4950629151343
./model.xml	obj	R_2AGPEAT160	optimal	77.4950629151343
./model.xml	obj	R_2AGPEAT161	optimal	77.4950629151343
./model.xml	obj	R_2AGPEAT180	optimal	77.4950629151343
./model.xml	obj	R_2AGPG141tipp	optimal	77.4950629151343
./model.xml	obj	R_2AGPG160tipp	optimal	77.4950629151343
./model.xml	obj	R_2AGPGAT141	optimal	77.4950629151343
./model.xml	obj	R_2AGPGAT160	optimal	77.4950629151343
./model.xml	obj	R_2DGLCNRx	optimal	77.4950629151343
./model.xml	obj	R_2DHGLCNkt_tpp	optimal	77.4950629151343
./model.xml	obj	R_2DHGLCNtex	optimal	77.4950629151343
./model.xml	obj	R_2HH24DDH	optimal	77.4950629151343
./model.xml	obj	R_2HH24DDH1	optimal	77.4950629151343
./model.xml	obj	R_2MAHMP	optimal	77.4950629151343
./model.xml	obj	R_3HAD140	optimal	77.4950629151343
./model.xml	obj	R_3HOXPACt2pp	optimal	77.4950629151343
./model.xml	obj	R_3HPAOX	optimal	77.4950629151343
./model.xml	obj	R_3HPPPNH	optimal	77.4950629151343
./model.xml	obj	R_3MBt2pp	optimal	77.4950629151343
./model.xml	obj	R_3MBt4pp	optimal	77.4950629151343
./model.xml	obj	R_3MBtex	optimal	77.4950629151343
./model.xml	obj	R_3OXCOAT	optimal	77.4950629151343
./model.xml	obj	R_3PEPTtex	optimal	77.4950629151343
./model.xml	obj	R_3_4DHBZ1t_pp	optimal	77.4950629151343
./model.xml	obj	R_3_4DHBZt2	optimal	77.4950629151343
./model.xml	obj	R_3hoxpactex	optimal	77.4950629151343
./model.xml	obj	R_4ABUTD	optimal	77.4950629151343
./model.xml	obj	R_4ABZt	optimal	77.49506291513356
./model.xml	obj	R_4H2KPILY	optimal	77.4950629151343
./model.xml	obj	R_4HBZtex	optimal	77.4950629151343
./model.xml	obj	R_4HOXPACMOF	optimal	77.4950629151343
./model.xml	obj	R_4HOXPACt2pp	optimal	77.4950629151343
./model.xml	obj	R_4HTHRK	optimal	77.4950629151343
./model.xml	obj	R_4HTHRtex	optimal	77.4950629151343
./model.xml	obj	R_4HTHRtrpp	optimal	77.4950629151343
./model.xml	obj	R_4PEPTtex	optimal	77.4950629151343
./model.xml	obj	R_5CM2HMUDI	optimal	77.4950629151343
./model.xml	obj	R_5DGLCNt2rpp	optimal	77.4950629151343
./model.xml	obj	R_5DGLCNtex	optimal	77.4950629151343
./model.xml	obj	R_5DOAN	optimal	77.4950629151343
./model.xml	obj	R_5MTRt2	optimal	77.4950629151343
./model.xml	obj	R_AACPS9	optimal	77.4950629151343
./model.xml	obj	R_ABTA	optimal	77.49506291513426
./model.xml	obj	R_ABTt_1	optimal	77.49506291513426
./model.xml	obj	R_ABUTt2pp	optimal	77.49506291513426
./model.xml	obj	R_ABUTt2r	optimal	77.49506291513426
./model.xml	obj	R_ACACT1r	optimal	77.49506291513426
./model.xml	obj	R_ACACT2r	optimal	77.49506291513426
./model.xml	obj	R_ACACT3r	optimal	77.49506291513426
./model.xml	obj	R_ACACT4r	optimal	77.49506291513426
./model.xml	obj	R_ACACT5r	optimal	77.49506291513426
./model.xml	obj	R_ACACT5r_1	optimal	77.49506291513426
./model.xml	obj	R_ACACT6r	optimal	77.49506291513426
./model.xml	obj	R_ACACT7r	optimal	77.49506291513426
./model.xml	obj	R_ACACT8r	optimal	77.49506291513426
./model.xml	obj	R_ACALDt	optimal	77.49506291513426
./model.xml	obj	R_ACCOAC	optimal	77.49506291513426
./model.xml	obj	R_ACCOAL	optimal	77.49506291513426
./model.xml	obj	R_ACGAMPM	optimal	77.49506291513426
./model.xml	obj	R_ACGApts	optimal	77.49506291513426
./model.xml	obj	R_ACGAptspp	optimal	77.49506291513426
./model.xml	obj	R_ACGAtex	optimal	77.49506291513426
./model.xml	obj	R_ACGK	optimal	77.49506291513426
./model.xml	obj	R_ACGS	optimal	77.49506291513426
./model.xml	obj	R_ACHBS	optimal	77.49506291513426
./model.xml	obj	R_ACKr	optimal	61.15380593670383
./model.xml	obj	R_ACLDC	optimal	77.49506291513416
./model.xml	obj	R_ACLS	optimal	77.49506291513416
./model.xml	obj	R_ACOAD20	optimal	77.49506291513416
./model.xml	obj	R_ACOAD2f	optimal	77.49506291513416
./model.xml	obj	R_ACOAD3f	optimal	77.49506291513416
./model.xml	obj	R_ACOAD4_1	optimal	77.49506291513416
./model.xml	obj	R_ACOAD5f	optimal	77.49506291513416
./model.xml	obj	R_ACOAD6f	optimal	77.49506291513416
./model.xml	obj	R_ACOATA	optimal	77.49506291513416
./model.xml	obj	R_ACODA	optimal	77.49506291513416
./model.xml	obj	R_ACONT	optimal	-1.4036953703514423e-13
./model.xml	obj	R_ACOTA	optimal	77.49506291513423
./model.xml	obj	R_ACPPAT181	optimal	77.49506291513423
./model.xml	obj	R_ACPS	optimal	77.49506291513423
./model.xml	obj	R_ACTNabc	optimal	77.49506291513423
./model.xml	obj	R_ACTNabc1	optimal	77.49506291513423
./model.xml	obj	R_ACYP_2	optimal	77.49506291513423
./model.xml	obj	R_ACYSBMNt	optimal	77.49506291513423
./model.xml	obj	R_ACt2rpp	optimal	77.49506291513423
./model.xml	obj	R_ACt4pp	optimal	77.49506291513423
./model.xml	obj	R_ADCL	optimal	77.49506291513423
./model.xml	obj	R_ADCS	optimal	77.49506291513423
./model.xml	obj	R_ADEt2rpp	optimal	77.24129186721159
./model.xml	obj	R_ADEtex	optimal	77.24129186721159
./model.xml	obj	R_ADHEr	optimal	77.49506291513426
./model.xml	obj	R_ADK1	optimal	77.49506291513426
./model.xml	obj	R_ADK2	optimal	77.49506291513426
./model.xml	obj	R_ADK3	optimal	77.49506291513426
./model.xml	obj	R_ADK4	optimal	77.49506291513426
./model.xml	obj	R_ADMDC	optimal	77.49506291513426
./model.xml	obj	R_ADNCYC	optimal	77.49506291513426
./model.xml	obj	R_ADPT	optimal	77.24116805745173
./model.xml	obj	R_ADSK	optimal	77.49506291513426
./model.xml	obj	R_ADSL1r	optimal	77.49506291513426
./model.xml	obj	R_ADSL2r	optimal	77.49506291513426
./model.xml	obj	R_ADSS	optimal	77.49506291513426
./model.xml	obj	R_AGDC	optimal	77.49506291513426
./model.xml	obj	R_AGM3PApp	optimal	77.49506291513426
./model.xml	obj	R_AGM4PApp	optimal	77.49506291513426
./model.xml	obj	R_AGPAT120	optimal	77.49506291513426
./model.xml	obj	R_AGPAT141	optimal	77.49506291513426
./model.xml	obj	R_AGPAT160	optimal	77.49506291513426
./model.xml	obj	R_AGPAT180	optimal	77.49506291513426
./model.xml	obj	R_AGPR	optimal	77.49506291513426
./model.xml	obj	R_AHCYSNS	optimal	0.0
./model.xml	obj	R_AHMMPS_1	optimal	77.49506291513451
./model.xml	obj	R_AICART	optimal	77.49506291513451
./model.xml	obj	R_AIRCr	optimal	77.49506291513451
./model.xml	obj	R_AKGDa	optimal	77.49506291513423
./model.xml	obj	R_AKGDb	optimal	77.49506291513423
./model.xml	obj	R_AKGt2r	optimal	77.49506291513424
./model.xml	obj	R_AKP1	optimal	77.49506291513424
./model.xml	obj	R_ALAALAD	optimal	77.49506291513424
./model.xml	obj	R_ALAALAabcpp	optimal	77.49506291513424
./model.xml	obj	R_ALAALAr	optimal	0.0
./model.xml	obj	R_ALAR	optimal	77.4950629151343
./model.xml	obj	R_ALATA_L	optimal	77.49506291513427
./model.xml	obj	R_ALAabc	optimal	77.49506291513424
./model.xml	obj	R_ALAt2r	optimal	77.49506291513413
./model.xml	obj	R_ALAt4	optimal	77.49506291513413
./model.xml	obj	R_ALCD2y	optimal	77.49506291513427
./model.xml	obj	R_ALDD1	optimal	77.49506291513427
./model.xml	obj	R_ALDD19xr	optimal	77.49506291513427
./model.xml	obj	R_ALDD20x	optimal	77.49506291513427
./model.xml	obj	R_ALDD2x	optimal	77.49506291513427
./model.xml	obj	R_ALDD2y	optimal	77.49506291513427
./model.xml	obj	R_ALDD31	optimal	77.49506291513427
./model.xml	obj	R_ALDD3y	optimal	77.49506291513427
./model.xml	obj	R_ALKP	optimal	77.49506291513427
./model.xml	obj	R_ALR2	optimal	77.49506291513427
./model.xml	obj	R_ALR3	optimal	77.49506291513427
./model.xml	obj	R_AMALT1	optimal	77.49506291513427
./model.xml	obj	R_AMALT2	optimal	77.49506291513427
./model.xml	obj	R_AMALT3	optimal	77.49506291513427
./model.xml	obj	R_AMALT4	optimal	77.49506291513427
./model.xml	obj	R_AMANAPEr	optimal	77.49506291513427
./model.xml	obj	R_AMANK	optimal	77.49506291513427
./model.xml	obj	R_AMMQLT8	optimal	77.49506291513427
./model.xml	obj	R_AMMQT8	optimal	77.49506291513426
./model.xml	obj	R_AMMQT8_2	optimal	77.49506291513426
./model.xml	obj	R_AMPMS	optimal	77.4950629151342
./model.xml	obj	R_AMPMS2	optimal	77.49506291513426
./model.xml	obj	R_AMPN	optimal	77.49506291513426
./model.xml	obj	R_AMPTASECG	optimal	77.49506291513426
./model.xml	obj	R_AMPTASEPG	optimal	77.49506291513426
./model.xml	obj	R_ANHGMtex	optimal	77.49506291513426
./model.xml	obj	R_ANPRT	optimal	77.49506291513426
./model.xml	obj	R_ANS	optimal	77.49506291513426
./model.xml	obj	R_AP4AH	optimal	77.49506291513426
./model.xml	obj	R_AP4AS	optimal	77.49506291513426
./model.xml	obj	R_APENTAMAH	optimal	77.49506291513426
./model.xml	obj	R_APH181	optimal	77.49506291513426
./model.xml	obj	R_APRAUR	optimal	77.49506291513426
./model.xml	obj	R_APSR	optimal	77.49506291513426
./model.xml	obj	R_APTNAT	optimal	77.49506291513426
./model.xml	obj	R_ARABRr	optimal	77.49506291513426
./model.xml	obj	R_ARBabcpp	optimal	77.49506291513426
./model.xml	obj	R_ARBt2r	optimal	77.49506291513426
./model.xml	obj	R_ARBt3ipp	optimal	77.49506291513426
./model.xml	obj	R_ARGDr	optimal	77.49506291513426
./model.xml	obj	R_ARGN	optimal	77.49506291513426
./model.xml	obj	R_ARGORNt7pp	optimal	77.49506291513426
./model.xml	obj	R_ARGSL	optimal	77.49506291513426
./model.xml	obj	R_ARGSS	optimal	77.49506291513426
./model.xml	obj	R_ARGabc	optimal	77.49506291513426
./model.xml	obj	R_ARGabcpp	optimal	77.49506291513426
./model.xml	obj	R_ARGt3pp	optimal	77.49506291513426
./model.xml	obj	R_ARGt5r	optimal	77.12817783573263
./model.xml	obj	R_ASAD	optimal	3.1698126411364775e-14
./model.xml	obj	R_ASNN	optimal	77.49506291513413
./model.xml	obj	R_ASNS1	optimal	77.49506291513413
./model.xml	obj	R_ASNt2rpp	optimal	76.60418042265373
./model.xml	obj	R_ASNtex	optimal	76.60418042265373
./model.xml	obj	R_ASO3t4pp	optimal	77.49506291513418
./model.xml	obj	R_ASO3tex	optimal	77.49506291513418
./model.xml	obj	R_ASO4rt2rpp	optimal	77.49506291513418
./model.xml	obj	R_ASO4t4pp	optimal	77.49506291513418
./model.xml	obj	R_ASO4tex	optimal	77.49506291513418
./model.xml	obj	R_ASPCT	optimal	77.49506291513418
./model.xml	obj	R_ASPK	optimal	5.408898450687448e-14
./model.xml	obj	R_ASPT	optimal	77.49506291513424
./model.xml	obj	R_ASPTA	optimal	77.49506291513424
./model.xml	obj	R_ASPabc	optimal	77.49506291513418
./model.xml	obj	R_ASPabcpp	optimal	77.49506291513418
./model.xml	obj	R_ASPt2_2	optimal	77.49506291513424
./model.xml	obj	R_ASPt2_2pp	optimal	77.49506291513424
./model.xml	obj	R_ASPt2_3	optimal	77.49506291513424
./model.xml	obj	R_ASPt2_3pp	optimal	77.49506291513424
./model.xml	obj	R_ASPtex	optimal	77.49506291513424
./model.xml	obj	R_ASR2	optimal	77.49506291513424
./model.xml	obj	R_ATPHs	optimal	77.49506291513424
./model.xml	obj	R_ATPM	optimal	77.49506291513356
./model.xml	obj	R_ATPPRT	optimal	77.49506291513424
./model.xml	obj	R_ATPS4rpp	optimal	60.88897800474838
./model.xml	obj	R_BALAt2r	optimal	77.49506291513421
./model.xml	obj	R_BETALDHx	optimal	77.49506291513421
./model.xml	obj	R_BETALDHy	optimal	77.49506291513421
./model.xml	obj	R_BMNMSHS	optimal	77.49506291513421
./model.xml	obj	R_BMNt	optimal	77.49506291513421
./model.xml	obj	R_BPNT	optimal	77.49506291513421
./model.xml	obj	R_BTS2	optimal	77.49506291513421
./model.xml	obj	R_BTS3r	optimal	77.49506291513421
./model.xml	obj	R_BTS5	optimal	77.49506291513421
./model.xml	obj	R_BUTt2rpp	optimal	77.49506291513421
./model.xml	obj	R_BUTt4pp	optimal	77.49506291513421
./model.xml	obj	R_C100SN	optimal	77.49506291513421
./model.xml	obj	R_CAT23DOX	optimal	77.49506291513421
./model.xml	obj	R_CATECHOLtex	optimal	77.49506291513421
./model.xml	obj	R_CATECHOLtpp	optimal	77.49506291513421
./model.xml	obj	R_CBPS	optimal	77.49506291513421
./model.xml	obj	R_CD2abc1	optimal	77.49506291513421
./model.xml	obj	R_CD2abcpp	optimal	77.49506291513421
./model.xml	obj	R_CD2t3pp	optimal	77.49506291513421
./model.xml	obj	R_CD2t4pp	optimal	77.49506291513421
./model.xml	obj	R_CD2tex	optimal	77.49506291513421
./model.xml	obj	R_CD2tpp	optimal	77.49506291513421
./model.xml	obj	R_CDAPPA141	optimal	77.49506291513421
./model.xml	obj	R_CDAPPA160190	optimal	77.49506291513421
./model.xml	obj	R_CDAPPA190	optimal	77.49506291513421
./model.xml	obj	R_CDP4D6DGLCRx	optimal	77.49506291513421
./model.xml	obj	R_CDPABEQS	optimal	77.49506291513421
./model.xml	obj	R_CDPGLC46DH	optimal	77.49506291513421
./model.xml	obj	R_CDPMEK	optimal	-1.0661767511817292e-13
./model.xml	obj	R_CGLYabcpp	optimal	77.49506291513427
./model.xml	obj	R_CGLYtex	optimal	77.49506291513427
./model.xml	obj	R_CHLabc	optimal	77.49506291513427
./model.xml	obj	R_CHLabcpp	optimal	77.49506291513427
./model.xml	obj	R_CHLt2	optimal	77.49506291513427
./model.xml	obj	R_CHLt2pp	optimal	77.49506291513427
./model.xml	obj	R_CHLtex	optimal	77.49506291513427
./model.xml	obj	R_CHOLD	optimal	77.49506291513427
./model.xml	obj	R_CHORM	optimal	77.49506291513427
./model.xml	obj	R_CHORS	optimal	0.0
./model.xml	obj	R_CHRPL	optimal	77.49506291513424
./model.xml	obj	R_CIGAMS	optimal	77.49506291513424
./model.xml	obj	R_CITt14	optimal	-1.3149763382221115e-13
./model.xml	obj	R_CLPNH120pp	optimal	77.49506291513433
./model.xml	obj	R_CLPNH140pp	optimal	77.49506291513433
./model.xml	obj	R_CLPNH141pp	optimal	77.49506291513433
./model.xml	obj	R_CLPNH160pp	optimal	77.49506291513433
./model.xml	obj	R_CLPNH161pp	optimal	77.49506291513433
./model.xml	obj	R_CLPNH180pp	optimal	77.49506291513433
./model.xml	obj	R_CLPNH181pp	optimal	77.49506291513433
./model.xml	obj	R_CLPNS120pp	optimal	77.49506291513433
./model.xml	obj	R_CLPNS140pp	optimal	77.49506291513433
./model.xml	obj	R_CLPNS141pp	optimal	77.49506291513433
./model.xml	obj	R_CLPNS160pp	optimal	77.49506291513433
./model.xml	obj	R_CLPNS161pp	optimal	77.49506291513433
./model.xml	obj	R_CLPNS180pp	optimal	77.49506291513433
./model.xml	obj	R_CLPNS181pp	optimal	77.49506291513433
./model.xml	obj	R_CLt3r_2	optimal	0.0
./model.xml	obj	R_CMCMSAD	optimal	77.49506291513423
./model.xml	obj	R_CMPt6	optimal	-5.506284267195826e-13
./model.xml	obj	R_CO2t	optimal	77.49506291513438
./model.xml	obj	R_CO2tpp	optimal	77.49506291513438
./model.xml	obj	R_COBALT2abcpp	optimal	77.49506291513438
./model.xml	obj	R_COBALT2t3pp	optimal	77.49506291513438
./model.xml	obj	R_COBALT2tpp	optimal	77.49506291513438
./model.xml	obj	R_COBALTt4pp	optimal	77.49506291513438
./model.xml	obj	R_COBALTt5	optimal	77.49493829050154
./model.xml	obj	R_COabc	optimal	77.49506291513438
./model.xml	obj	R_CPMPS	optimal	77.49506291513438
./model.xml	obj	R_CPPPGO	optimal	77.49506291513438
./model.xml	obj	R_CRO4abcpp	optimal	77.49506291513438
./model.xml	obj	R_CRO4t3pp	optimal	77.49506291513438
./model.xml	obj	R_CS	optimal	77.49506291513438
./model.xml	obj	R_CSND	optimal	77.49506291513438
./model.xml	obj	R_CTECOAI6	optimal	77.49506291513438
./model.xml	obj	R_CTECOAI7	optimal	77.49506291513438
./model.xml	obj	R_CTECOAI8	optimal	77.49506291513438
./model.xml	obj	R_CU1Opp	optimal	77.49417933514117
./model.xml	obj	R_CU2abcpp	optimal	77.49506291513438
./model.xml	obj	R_CU2tpp	optimal	77.49417933514117
./model.xml	obj	R_CUabcpp	optimal	77.49506291513438
./model.xml	obj	R_CUtex	optimal	77.49417933514117
./model.xml	obj	R_CYO1a	optimal	77.49506291513428
./model.xml	obj	R_CYO1b	optimal	77.49506291513428
./model.xml	obj	R_CYSS	optimal	77.49506291513428
./model.xml	obj	R_CYSTL	optimal	77.49506291513428
./model.xml	obj	R_CYSabc	optimal	77.49506291513356
./model.xml	obj	R_CYSabc2pp	optimal	77.49506291513428
./model.xml	obj	R_CYSabcpp	optimal	77.49506291513428
./model.xml	obj	R_CYTBD	optimal	77.49506291513428
./model.xml	obj	R_CYTBD2	optimal	77.4950629151343
./model.xml	obj	R_CYTBD2pp	optimal	77.4950629151338
./model.xml	obj	R_CYTD	optimal	77.4950629151338
./model.xml	obj	R_CYTDH	optimal	77.4950629151338
./model.xml	obj	R_CYTDK1	optimal	77.4950629151338
./model.xml	obj	R_CYTDK2	optimal	77.4950629151338
./model.xml	obj	R_CYTK1	optimal	-1.4640153270278393e-12
./model.xml	obj	R_CYTK2	optimal	77.4950629151343
./model.xml	obj	R_Cobalt2abcppI	optimal	77.49506291513438
./model.xml	obj	R_Cuabc	optimal	77.49506291513438
./model.xml	obj	R_Cut1	optimal	77.49506291513438
./model.xml	obj	R_DAAD	optimal	77.4950629151343
./model.xml	obj	R_DADK	optimal	77.4950629151343
./model.xml	obj	R_DAGK140	optimal	77.4950629151343
./model.xml	obj	R_DAGK160	optimal	77.4950629151343
./model.xml	obj	R_DAGK161	optimal	77.4950629151343
./model.xml	obj	R_DAGK180	optimal	77.4950629151343
./model.xml	obj	R_DAGK181	optimal	77.4950629151343
./model.xml	obj	R_DALAt2pp	optimal	77.4950629151343
./model.xml	obj	R_DALAt2r	optimal	77.4950629151343
./model.xml	obj	R_DAPDC	optimal	77.4950629151343
./model.xml	obj	R_DAPE	optimal	1.1445940959019775e-11
./model.xml	obj	R_DARBt2rpp	optimal	77.49506291513418
./model.xml	obj	R_DARBt3ipp	optimal	77.49506291513418
./model.xml	obj	R_DASYN120	optimal	77.49506291513418
./model.xml	obj	R_DASYN140	optimal	77.49506291513418
./model.xml	obj	R_DASYN141	optimal	77.49506291513418
./model.xml	obj	R_DASYN160	optimal	77.49506291513418
./model.xml	obj	R_DASYN160190	optimal	77.49506291513418
./model.xml	obj	R_DASYN161	optimal	77.49506291513418
./model.xml	obj	R_DASYN180	optimal	77.49506291513418
./model.xml	obj	R_DASYN181	optimal	77.49506291513418
./model.xml	obj	R_DASYN190190	optimal	77.49506291513418
./model.xml	obj	R_DB4PS	optimal	77.49506291513418
./model.xml	obj	R_DCAtex	optimal	77.49506291513418
./model.xml	obj	R_DCPDPS	optimal	77.49506291513418
./model.xml	obj	R_DCTPD	optimal	77.49506291513418
./model.xml	obj	R_DCTPD2	optimal	77.31588876895293
./model.xml	obj	R_DCYTD	optimal	77.46246729725732
./model.xml	obj	R_DCYTt2	optimal	77.46246729725732
./model.xml	obj	R_DDCAt2pp	optimal	77.49506291513418
./model.xml	obj	R_DDGLCNt2r	optimal	77.49506291513418
./model.xml	obj	R_DDPA	optimal	77.49506291513418
./model.xml	obj	R_DGK1	optimal	77.49506291513418
./model.xml	obj	R_DGNSK	optimal	77.49506291513418
./model.xml	obj	R_DHACOAH	optimal	77.49506291513418
./model.xml	obj	R_DHAD1	optimal	77.49506291513401
./model.xml	obj	R_DHAD2	optimal	77.49506291513401
./model.xml	obj	R_DHAPT	optimal	77.49506291513401
./model.xml	obj	R_DHBD	optimal	77.49506291513401
./model.xml	obj	R_DHBS	optimal	77.49506291513401
./model.xml	obj	R_DHDPRy	optimal	0.0
./model.xml	obj	R_DHDPS	optimal	0.0
./model.xml	obj	R_DHEDAA	optimal	77.49506291513423
./model.xml	obj	R_DHFR	optimal	8.568224075576095e-14
./model.xml	obj	R_DHFS	optimal	77.495062915134
./model.xml	obj	R_DHNAOT	optimal	-1.0076030695125679e-14
./model.xml	obj	R_DHNPA2r	optimal	77.49506291513421
./model.xml	obj	R_DHNPA_1	optimal	77.49506291513421
./model.xml	obj	R_DHORD2	optimal	77.49506291513421
./model.xml	obj	R_DHORD3	optimal	77.49506291513421
./model.xml	obj	R_DHORD5	optimal	77.49506291513421
./model.xml	obj	R_DHORTS	optimal	77.49506291513421
./model.xml	obj	R_DHPACCOAHIT	optimal	77.49506291513421
./model.xml	obj	R_DHPDO	optimal	77.49506291513424
./model.xml	obj	R_DHPPDA	optimal	77.49506291513424
./model.xml	obj	R_DHPPDA2	optimal	77.49506291513424
./model.xml	obj	R_DHPS2	optimal	77.49506291513424
./model.xml	obj	R_DHPTDCs2	optimal	0.0
./model.xml	obj	R_DHQS	optimal	77.49506291513435
./model.xml	obj	R_DHQTi	optimal	77.49506291513435
./model.xml	obj	R_DIPEPabc15	optimal	77.49506291513435
./model.xml	obj	R_DMALRED	optimal	77.49506291513433
./model.xml	obj	R_DMATT	optimal	1.4566621024430884e-14
./model.xml	obj	R_DMPPS	optimal	77.49506291513427
./model.xml	obj	R_DNMPPA	optimal	77.49506291513427
./model.xml	obj	R_DNTPPA	optimal	77.49506291513427
./model.xml	obj	R_DPCOAK	optimal	0.0
./model.xml	obj	R_DPPS	optimal	77.49506291513435
./model.xml	obj	R_DPR	optimal	77.49506291513435
./model.xml	obj	R_DRBK	optimal	77.49506291513435
./model.xml	obj	R_DRIBabc	optimal	77.49506291513435
./model.xml	obj	R_DRPA	optimal	77.49506291513435
./model.xml	obj	R_DSERt2	optimal	77.49506291513435
./model.xml	obj	R_DTMPK	optimal	0.0
./model.xml	obj	R_DURIK1	optimal	77.46246729725725
./model.xml	obj	R_DUTPDP	optimal	77.49506291513411
./model.xml	obj	R_DXPRIi	optimal	-5.903271397980061e-14
./model.xml	obj	R_DXPS	optimal	-5.903271397980061e-14
./model.xml	obj	R_D_LACt2	optimal	77.49506291513431
./model.xml	obj	R_D_LACt2pp	optimal	77.49506291513431
./model.xml	obj	R_D_LACtex	optimal	77.49506291513431
./model.xml	obj	R_E4PD	optimal	77.49506291513421
./model.xml	obj	R_EAR140x	optimal	77.49506291513421
./model.xml	obj	R_ECOAH1	optimal	77.49506291513421
./model.xml	obj	R_ECOAH1_2	optimal	77.49506291513421
./model.xml	obj	R_ECOAH2	optimal	77.49506291513421
./model.xml	obj	R_ECOAH3	optimal	77.49506291513421
./model.xml	obj	R_ECOAH4	optimal	77.49506291513421
./model.xml	obj	R_ECOAH5	optimal	77.49506291513421
./model.xml	obj	R_ECOAH6	optimal	77.49506291513421
./model.xml	obj	R_ECOAH7	optimal	77.49506291513421
./model.xml	obj	R_ECOAH8	optimal	77.49506291513421
./model.xml	obj	R_ECOAH9ir	optimal	77.49506291513421
./model.xml	obj	R_ENO	optimal	60.888978004748374
./model.xml	obj	R_ENTCS	optimal	77.49506291513424
./model.xml	obj	R_ETHAt	optimal	77.49506291513424
./model.xml	obj	R_EX_2ddglcn_e	optimal	77.49506291513444
./model.xml	obj	R_EX_2dhglcn_e	optimal	77.49506291513418
./model.xml	obj	R_EX_34dhbz_e	optimal	77.49506291513539
./model.xml	obj	R_EX_3hcinnm_e	optimal	77.49506291513417
./model.xml	obj	R_EX_3hoxpac_e	optimal	77.49506291513545
./model.xml	obj	R_EX_3hpppn_e	optimal	77.49506291513417
./model.xml	obj	R_EX_3mb_e	optimal	77.49506291513545
./model.xml	obj	R_EX_4abut_e	optimal	77.49506291513454
./model.xml	obj	R_EX_4abz_e	optimal	77.49506291513356
./model.xml	obj	R_EX_4hbz_e	optimal	77.49506291513545
./model.xml	obj	R_EX_4hphac_e	optimal	77.49506291513417
./model.xml	obj	R_EX_4hthr_e	optimal	77.4950629151351
./model.xml	obj	R_EX_5dglcn_e	optimal	77.49506291513445
./model.xml	obj	R_EX_5mtr_e	optimal	77.49506291513445
./model.xml	obj	R_EX_LalaDgluMdapDala_e	optimal	77.49506291513414
./model.xml	obj	R_EX_LalaDgluMdap_e	optimal	77.49506291513545
./model.xml	obj	R_EX_abt__L_e	optimal	77.49506291513445
./model.xml	obj	R_EX_acald_e	optimal	77.49506291513462
./model.xml	obj	R_EX_acgam_e	optimal	77.49506291513462
./model.xml	obj	R_EX_actn__R_e	optimal	77.49506291513315
./model.xml	obj	R_EX_acysbmn_e	optimal	77.49506291513315
./model.xml	obj	R_EX_ade_e	optimal	77.24129186721167
./model.xml	obj	R_EX_akg_e	optimal	77.49506291513457
./model.xml	obj	R_EX_ala_B_e	optimal	77.49506291513441
./model.xml	obj	R_EX_ala__D_e	optimal	77.49506291513426
./model.xml	obj	R_EX_ala__L_e	optimal	77.4950629151351
./model.xml	obj	R_EX_anhgm_e	optimal	77.4950629151342
./model.xml	obj	R_EX_arab__L_e	optimal	77.49506291513445
./model.xml	obj	R_EX_arg__L_e	optimal	75.69473078657886
./model.xml	obj	R_EX_asn__L_e	optimal	76.60418042265397
./model.xml	obj	R_EX_aso3_e	optimal	77.4950629151342
./model.xml	obj	R_EX_aso4_e	optimal	77.4950629151342
./model.xml	obj	R_EX_asp__L_e	optimal	77.4950629151342
./model.xml	obj	R_EX_bmn_e	optimal	77.49506291513441
./model.xml	obj	R_EX_ca2_e	optimal	0.0
./model.xml	obj	R_EX_catechol_e	optimal	77.49506291513377
./model.xml	obj	R_EX_cgly_e	optimal	77.4950629151342
./model.xml	obj	R_EX_chol_e	optimal	77.49506291513451
./model.xml	obj	R_EX_cit_e	optimal	0.0
./model.xml	obj	R_EX_cl_e	optimal	-6.247294648347625e-14
./model.xml	obj	R_EX_cmp_e	optimal	3.1757122544357e-12
./model.xml	obj	R_EX_co2_e	optimal	77.49506291509596
./model.xml	obj	R_EX_cobalt2_e	optimal	0.0
./model.xml	obj	R_EX_cu2_e	optimal	77.49506291509596
./model.xml	obj	R_EX_cu_e	optimal	77.49417933510196
./model.xml	obj	R_EX_cys__L_e	optimal	77.49506291513356
./model.xml	obj	R_EX_dca_e	optimal	77.49506291513444
./model.xml	obj	R_EX_dcyt_e	optimal	77.46246729725733
./model.xml	obj	R_EX_drib_e	optimal	77.49506291513444
./model.xml	obj	R_EX_enter_e	optimal	77.49506291513524
./model.xml	obj	R_EX_etha_e	optimal	77.49506291513524
./model.xml	obj	R_EX_fe2_e	optimal	77.48669526119191
./model.xml	obj	R_EX_fe3_e	optimal	77.47560638731323
./model.xml	obj	R_EX_feenter_e	optimal	77.49506291513524
./model.xml	obj	R_EX_fer_e	optimal	77.49506291513524
./model.xml	obj	R_EX_fol_e	optimal	77.48658748413882
./model.xml	obj	R_EX_for_e	optimal	77.49506291513455
./model.xml	obj	R_EX_fru_e	optimal	77.49506291513515
./model.xml	obj	R_EX_fum_e	optimal	77.49506291513428
./model.xml	obj	R_EX_gal_bD_e	optimal	77.49506291513428
./model.xml	obj	R_EX_gal_e	optimal	77.49506291513428
./model.xml	obj	R_EX_gam_e	optimal	77.49506291513428
./model.xml	obj	R_EX_glc__D_e	optimal	77.49506291513418
./model.xml	obj	R_EX_glcn__D_e	optimal	77.49506291513428
./model.xml	obj	R_EX_glcn_e	optimal	77.49506291513428
./model.xml	obj	R_EX_gln__L_e	optimal	77.49506291513426
./model.xml	obj	R_EX_glu__L_e	optimal	77.49506291513444
./model.xml	obj	R_EX_gly_e	optimal	77.49506291513428
./model.xml	obj	R_EX_glyald_e	optimal	77.49506291513428
./model.xml	obj	R_EX_glyb_e	optimal	77.49506291513428
./model.xml	obj	R_EX_glyc3p_e	optimal	77.49506291513428
./model.xml	obj	R_EX_glyc_e	optimal	77.49506291513428
./model.xml	obj	R_EX_glyclt_e	optimal	77.49506291513428
./model.xml	obj	R_EX_gua_e	optimal	76.60031544959648
./model.xml	obj	R_EX_h2co3_e	optimal	77.49506291513417
./model.xml	obj	R_EX_h2o_e	optimal	77.49506291513418
./model.xml	obj	R_EX_h2s_e	optimal	77.49506291513417
./model.xml	obj	R_EX_h_e	optimal	77.49506291513539
./model.xml	obj	R_EX_hdcea_e	optimal	77.49506291513524
./model.xml	obj	R_EX_his__L_e	optimal	76.7737594007696
./model.xml	obj	R_EX_hxan_e	optimal	77.49506291513417
./model.xml	obj	R_EX_id3acald_e	optimal	77.49506291513427
./model.xml	obj	R_EX_idon__L_e	optimal	77.49506291513421
./model.xml	obj	R_EX_ile__L_e	optimal	77.49506291513421
./model.xml	obj	R_EX_inost_e	optimal	77.49506291513421
./model.xml	obj	R_EX_ins_e	optimal	77.49506291513315
./model.xml	obj	R_EX_k_e	optimal	6.806975367788139e-14
./model.xml	obj	R_EX_lac__D_e	optimal	77.49506291513444
./model.xml	obj	R_EX_lac__L_e	optimal	77.49506291513421
./model.xml	obj	R_EX_lcts_e	optimal	77.49506291513421
./model.xml	obj	R_EX_leu__L_e	optimal	77.49506291513545
./model.xml	obj	R_EX_lys__L_e	optimal	76.64907262182473
./model.xml	obj	R_EX_mal__L_e	optimal	77.49506291513426
./model.xml	obj	R_EX_malt_e	optimal	77.4950629151342
./model.xml	obj	R_EX_malthp_e	optimal	77.49506291513421
./model.xml	obj	R_EX_malthx_e	optimal	77.49506291513421
./model.xml	obj	R_EX_man1p_e	optimal	65.45074166912161
./model.xml	obj	R_EX_man_e	optimal	77.49506291513397
./model.xml	obj	R_EX_met__L_e	optimal	77.3993391966709
./model.xml	obj	R_EX_mg2_e	optimal	0.0
./model.xml	obj	R_EX_mmet_e	optimal	77.49493829050145
./model.xml	obj	R_EX_mn2_e	optimal	0.0
./model.xml	obj	R_EX_mobd_e	optimal	77.49506291513427
./model.xml	obj	R_EX_n2_e	optimal	77.49506291513427
./model.xml	obj	R_EX_nac_e	optimal	77.49506291513356
./model.xml	obj	R_EX_ncam_e	optimal	77.49506291513427
./model.xml	obj	R_EX_nh4_e	optimal	77.49506291513437
./model.xml	obj	R_EX_no2_e	optimal	77.49506291513431
./model.xml	obj	R_EX_no3_e	optimal	77.49506291513418
./model.xml	obj	R_EX_no_e	optimal	77.49506291513418
./model.xml	obj	R_EX_o2_e	optimal	77.49445724317849
./model.xml	obj	R_EX_ocdcea_e	optimal	77.49506291513524
./model.xml	obj	R_EX_octa_e	optimal	77.49506291513418
./model.xml	obj	R_EX_orn_e	optimal	77.4950629151342
./model.xml	obj	R_EX_pac_e	optimal	77.49506291513426
./model.xml	obj	R_EX_pacald_e	optimal	77.49506291513426
./model.xml	obj	R_EX_phe__L_e	optimal	77.03602580017406
./model.xml	obj	R_EX_pheme_e	optimal	77.49506291513417
./model.xml	obj	R_EX_pi_e	optimal	66.16522249274686
./model.xml	obj	R_EX_pnto__R_e	optimal	77.49362726365233
./model.xml	obj	R_EX_ppa_e	optimal	77.49506291513426
./model.xml	obj	R_EX_pro__L_e	optimal	77.22054936611865
./model.xml	obj	R_EX_progly_e	optimal	77.49506291513426
./model.xml	obj	R_EX_pser__D_e	optimal	77.49506291513426
./model.xml	obj	R_EX_ptrc_e	optimal	77.49506291513426
./model.xml	obj	R_EX_pyr_e	optimal	77.49506291513356
./model.xml	obj	R_EX_raffin_e	optimal	77.49506291513318
./model.xml	obj	R_EX_rib__D_e	optimal	77.49506291513318
./model.xml	obj	R_EX_ribflv_e	optimal	77.49256177545685
./model.xml	obj	R_EX_s_e	optimal	77.49506291513318
./model.xml	obj	R_EX_salchs4_e	optimal	77.49506291513318
./model.xml	obj	R_EX_salchs4fe_e	optimal	77.49506291513318
./model.xml	obj	R_EX_ser__D_e	optimal	77.49506291513524
./model.xml	obj	R_EX_ser__L_e	optimal	77.49506291513426
./model.xml	obj	R_EX_skm_e	optimal	77.4948967490458
./model.xml	obj	R_EX_so3_e	optimal	77.49506291513318
./model.xml	obj	R_EX_so4_e	optimal	0.0
./model.xml	obj	R_EX_spmd_e	optimal	77.49506291513318
./model.xml	obj	R_EX_succ_e	optimal	60.88897800474824
./model.xml	obj	R_EX_sucr_e	optimal	77.49506291513318
./model.xml	obj	R_EX_taur_e	optimal	77.49506291513417
./model.xml	obj	R_EX_tet_e	optimal	77.49506291513318
./model.xml	obj	R_EX_thr__L_e	optimal	76.86786646679109
./model.xml	obj	R_EX_tre_e	optimal	77.49506291513318
./model.xml	obj	R_EX_trp__L_e	optimal	77.49506291513305
./model.xml	obj	R_EX_tsul_e	optimal	77.49506291513318
./model.xml	obj	R_EX_ttdca_e	optimal	77.49506291513524
./model.xml	obj	R_EX_tyr__L_e	optimal	77.15232433723223
./model.xml	obj	R_EX_udcpo5_e	optimal	77.49506291513418
./model.xml	obj	R_EX_ump_e	optimal	77.49506291513431
./model.xml	obj	R_EX_ura_e	optimal	77.49506291513318
./model.xml	obj	R_EX_urea_e	optimal	77.49506291513318
./model.xml	obj	R_EX_uri_e	optimal	77.49506291513418
./model.xml	obj	R_EX_val__L_e	optimal	77.49506291513318
./model.xml	obj	R_EX_vanln_e	optimal	77.49506291513318
./model.xml	obj	R_EX_vanlt_e	optimal	77.49506291513318
./model.xml	obj	R_EX_xan_e	optimal	77.49506291513318
./model.xml	obj	R_EX_xyl__D_e	optimal	77.49506291513318
./model.xml	obj	R_EX_zn2_e	optimal	0.0
./model.xml	obj	R_FA120ACPHi	optimal	77.49506291513424
./model.xml	obj	R_FA140ACPHi	optimal	77.49506291513424
./model.xml	obj	R_FA141ACPHi	optimal	77.49506291513424
./model.xml	obj	R_FA160ACPHi	optimal	77.49506291513424
./model.xml	obj	R_FA161ACPHi	optimal	77.49506291513424
./model.xml	obj	R_FACOAE100	optimal	77.49506291513424
./model.xml	obj	R_FACOAE120	optimal	77.49506291513424
./model.xml	obj	R_FACOAE140	optimal	77.49506291513424
./model.xml	obj	R_FACOAE141	optimal	77.49506291513424
./model.xml	obj	R_FACOAE160	optimal	77.49506291513424
./model.xml	obj	R_FACOAE161	optimal	77.49506291513424
./model.xml	obj	R_FACOAE180	optimal	77.49506291513424
./model.xml	obj	R_FACOAE60	optimal	77.49506291513424
./model.xml	obj	R_FACOAL100t2pp	optimal	77.49506291513424
./model.xml	obj	R_FACOAL120t2pp	optimal	77.49506291513424
./model.xml	obj	R_FACOAL140	optimal	77.49506291513424
./model.xml	obj	R_FACOAL140t2pp	optimal	77.49506291513424
./model.xml	obj	R_FACOAL141t2pp	optimal	77.49506291513424
./model.xml	obj	R_FACOAL160	optimal	77.49506291513424
./model.xml	obj	R_FACOAL160t2pp	optimal	77.49506291513424
./model.xml	obj	R_FACOAL161	optimal	77.49506291513424
./model.xml	obj	R_FACOAL161t2pp	optimal	77.49506291513424
./model.xml	obj	R_FACOAL180t2pp	optimal	77.49506291513424
./model.xml	obj	R_FACOAL181	optimal	77.49506291513424
./model.xml	obj	R_FACOAL181t2pp	optimal	77.49506291513424
./model.xml	obj	R_FACOAL60t2pp	optimal	77.49506291513424
./model.xml	obj	R_FACOAL80t2pp	optimal	77.49506291513424
./model.xml	obj	R_FADMQOR	optimal	77.49506291513424
./model.xml	obj	R_FAO1	optimal	77.49506291513424
./model.xml	obj	R_FAO2	optimal	77.49506291513424
./model.xml	obj	R_FAO3	optimal	77.49506291513424
./model.xml	obj	R_FAO4	optimal	77.49506291513424
./model.xml	obj	R_FAS100	optimal	77.49506291513424
./model.xml	obj	R_FAS120	optimal	77.49506291513424
./model.xml	obj	R_FAS140	optimal	77.49506291513424
./model.xml	obj	R_FAS160	optimal	77.49506291513424
./model.xml	obj	R_FAS161	optimal	77.49506291513424
./model.xml	obj	R_FAS180	optimal	77.49506291513424
./model.xml	obj	R_FAS181	optimal	77.49506291513424
./model.xml	obj	R_FAS80_L	optimal	77.49506291513424
./model.xml	obj	R_FASC120ACP	optimal	77.49506291513424
./model.xml	obj	R_FASC140ACP	optimal	77.49506291513424
./model.xml	obj	R_FASC141ACP	optimal	77.49506291513424
./model.xml	obj	R_FASC160ACP	optimal	77.49506291513424
./model.xml	obj	R_FASC161ACP	optimal	77.49506291513424
./model.xml	obj	R_FASC180ACP	optimal	77.49506291513424
./model.xml	obj	R_FASC181ACP	optimal	77.49506291513424
./model.xml	obj	R_FBA	optimal	71.24306755759703
./model.xml	obj	R_FBP	optimal	77.49506291513411
./model.xml	obj	R_FCLT	optimal	77.49506291513411
./model.xml	obj	R_FCOAH2	optimal	77.49506291513411
./model.xml	obj	R_FCOAHA	optimal	77.49506291513411
./model.xml	obj	R_FDH	optimal	77.49506291513411
./model.xml	obj	R_FDH2	optimal	77.49506291513411
./model.xml	obj	R_FDH3	optimal	77.49506291513411
./model.xml	obj	R_FDH4pp	optimal	77.49506291513411
./model.xml	obj	R_FDH4pp_1	optimal	77.49506291513411
./model.xml	obj	R_FDH5pp	optimal	77.49506291513411
./model.xml	obj	R_FDH5pp_1	optimal	77.49506291513411
./model.xml	obj	R_FDH5r2pp	optimal	77.49506291513438
./model.xml	obj	R_FDMOtau	optimal	77.49506291513438
./model.xml	obj	R_FE2Gabcpp	optimal	77.49506291513438
./model.xml	obj	R_FE2abc	optimal	77.48669526119095
./model.xml	obj	R_FE2abcpp	optimal	77.49506291513438
./model.xml	obj	R_FE2t3pp	optimal	77.49506291513438
./model.xml	obj	R_FE2t4pp	optimal	77.49506291513438
./model.xml	obj	R_FE2tpp	optimal	77.49506291513438
./model.xml	obj	R_FE3Gabcpp	optimal	77.49506291513438
./model.xml	obj	R_FE3abc	optimal	77.49506291513438
./model.xml	obj	R_FE3abcpp	optimal	77.49506291513438
./model.xml	obj	R_FE3t	optimal	77.48533342984283
./model.xml	obj	R_FEDCabc	optimal	77.49506291513438
./model.xml	obj	R_FEENTER2tpp	optimal	77.49506291513438
./model.xml	obj	R_FEENTERR2	optimal	77.49506291513438
./model.xml	obj	R_FEENTERabcpp	optimal	77.49506291513438
./model.xml	obj	R_FEENTERtex	optimal	77.49506291513438
./model.xml	obj	R_FEENTERtonex	optimal	77.49506291513438
./model.xml	obj	R_FEROpp	optimal	77.49506291513438
./model.xml	obj	R_FERULCOAS	optimal	77.49506291513438
./model.xml	obj	R_FERtex	optimal	77.49506291513438
./model.xml	obj	R_FERtpp	optimal	77.49506291513438
./model.xml	obj	R_FFSD	optimal	77.49506291513438
./model.xml	obj	R_FGLU	optimal	77.49506291513454
./model.xml	obj	R_FMNAT	optimal	9.06686554633039e-14
./model.xml	obj	R_FMNRx	optimal	77.49506291513435
./model.xml	obj	R_FMNRx2	optimal	77.49506291513435
./model.xml	obj	R_FOLD3	optimal	77.49506291513435
./model.xml	obj	R_FOLR2	optimal	77.48658748413852
./model.xml	obj	R_FOLt	optimal	77.48658748413852
./model.xml	obj	R_FOMETRi	optimal	77.49506291513435
./model.xml	obj	R_FORAMD	optimal	77.49506291513435
./model.xml	obj	R_FORMCOAL	optimal	77.49506291513435
./model.xml	obj	R_FORt2	optimal	77.49506291513435
./model.xml	obj	R_FORt3	optimal	77.49506291513435
./model.xml	obj	R_FORtppi	optimal	77.49506291513433
./model.xml	obj	R_FRD2rpp	optimal	60.888978004747024
./model.xml	obj	R_FRUK	optimal	77.49506291513426
./model.xml	obj	R_FRUpts	optimal	77.49506291513426
./model.xml	obj	R_FRUptspp	optimal	77.49506291513426
./model.xml	obj	R_FRUtex	optimal	77.49506291513426
./model.xml	obj	R_FTHFCL	optimal	77.49506291513426
./model.xml	obj	R_FTHFLi	optimal	77.49506291513426
./model.xml	obj	R_FUM	optimal	77.49506291513454
./model.xml	obj	R_FUMt2_2	optimal	77.49506291513401
./model.xml	obj	R_FUMt2_2pp	optimal	77.49506291513401
./model.xml	obj	R_FUMt2_3	optimal	77.49506291513401
./model.xml	obj	R_FUMt2_3pp	optimal	77.49506291513401
./model.xml	obj	R_FUMt2r	optimal	77.49506291513416
./model.xml	obj	R_FUMtex	optimal	77.49506291513427
./model.xml	obj	R_G1PACT	optimal	77.49506291513427
./model.xml	obj	R_G1PCTYT	optimal	77.49506291513427
./model.xml	obj	R_G1PTT	optimal	77.49506291513427
./model.xml	obj	R_G1SAT	optimal	77.49506291513427
./model.xml	obj	R_G3PAT120	optimal	77.49506291513427
./model.xml	obj	R_G3PAT141	optimal	77.49506291513427
./model.xml	obj	R_G3PAT160	optimal	77.49506291513427
./model.xml	obj	R_G3PAT180	optimal	77.49506291513427
./model.xml	obj	R_G3PD1	optimal	77.49506291513427
./model.xml	obj	R_G5SADs	optimal	77.49506291513427
./model.xml	obj	R_G5SD	optimal	77.49506291513427
./model.xml	obj	R_G5SD2	optimal	77.49506291513427
./model.xml	obj	R_G6PDA	optimal	77.49506291513427
./model.xml	obj	R_G6PDH2r	optimal	74.72738209673676
./model.xml	obj	R_GALBDtex	optimal	77.49506291513406
./model.xml	obj	R_GALKr	optimal	77.49506291513406
./model.xml	obj	R_GALM2pp	optimal	77.49506291513406
./model.xml	obj	R_GALS3	optimal	77.49506291513406
./model.xml	obj	R_GALT	optimal	77.49506291513406
./model.xml	obj	R_GALUi	optimal	77.49506291513406
./model.xml	obj	R_GALabc	optimal	77.49506291513406
./model.xml	obj	R_GALabcpp	optimal	77.49506291513406
./model.xml	obj	R_GALt2	optimal	77.49506291513406
./model.xml	obj	R_GALt2pp	optimal	77.49506291513406
./model.xml	obj	R_GAMpts	optimal	77.49506291513406
./model.xml	obj	R_GAPD	optimal	50.32446834932259
./model.xml	obj	R_GARFT	optimal	77.4947850027528
./model.xml	obj	R_GART	optimal	77.4950629151343
./model.xml	obj	R_GCALDD	optimal	77.4950629151343
./model.xml	obj	R_GCCa	optimal	77.4950629151343
./model.xml	obj	R_GCCb	optimal	77.4950629151343
./model.xml	obj	R_GCCc	optimal	77.4950629151343
./model.xml	obj	R_GDPDPK	optimal	77.4950629151343
./model.xml	obj	R_GDPMNP	optimal	77.4950629151343
./model.xml	obj	R_GDPTPDP	optimal	77.4950629151343
./model.xml	obj	R_GF6PTA	optimal	77.4950629151343
./model.xml	obj	R_GHBDHx	optimal	77.4950629151343
./model.xml	obj	R_GHBDHy	optimal	77.4950629151343
./model.xml	obj	R_GHMT2r	optimal	77.49506291513434
./model.xml	obj	R_GK1	optimal	-3.485027980675467e-14
./model.xml	obj	R_GLBRAN2	optimal	77.49506291519323
./model.xml	obj	R_GLCAASE3	optimal	77.49506291519323
./model.xml	obj	R_GLCNt2ir	optimal	77.49506291519323
./model.xml	obj	R_GLCNt2r	optimal	77.49506291531716
./model.xml	obj	R_GLCNt2rpp	optimal	77.49506291531716
./model.xml	obj	R_GLCNtex	optimal	77.49506291531716
./model.xml	obj	R_GLCOAS	optimal	77.49506291531716
./model.xml	obj	R_GLCP	optimal	77.49506291531716
./model.xml	obj	R_GLCP2	optimal	77.49506291531716
./model.xml	obj	R_GLCS1	optimal	77.49506291531716
./model.xml	obj	R_GLCURT	optimal	77.49506291531716
./model.xml	obj	R_GLCabc	optimal	77.49506291519323
./model.xml	obj	R_GLCabcpp	optimal	77.49506291519323
./model.xml	obj	R_GLCpts	optimal	77.49506291531716
./model.xml	obj	R_GLCt2	optimal	77.49506291531716
./model.xml	obj	R_GLCt2pp	optimal	77.49506291531716
./model.xml	obj	R_GLCtex	optimal	77.49506291531716
./model.xml	obj	R_GLDBRAN2	optimal	77.49506291531716
./model.xml	obj	R_GLGC	optimal	77.49506291531716
./model.xml	obj	R_GLNS	optimal	77.49506291531716
./model.xml	obj	R_GLNabc	optimal	77.49506291530808
./model.xml	obj	R_GLU5K	optimal	77.49506291531716
./model.xml	obj	R_GLUABUTt7pp	optimal	77.49506291531716
./model.xml	obj	R_GLUDy	optimal	77.49506291513433
./model.xml	obj	R_GLUN	optimal	77.49506291513433
./model.xml	obj	R_GLUPRT	optimal	7.0159434363273e-10
./model.xml	obj	R_GLUR	optimal	0.0
./model.xml	obj	R_GLUTCOADHc	optimal	77.49506291513401
./model.xml	obj	R_GLUTRR	optimal	77.49506291513401
./model.xml	obj	R_GLUTRS	optimal	77.49506291513401
./model.xml	obj	R_GLUabc	optimal	77.49506291531716
./model.xml	obj	R_GLUabcpp	optimal	77.49506291531716
./model.xml	obj	R_GLUt2r	optimal	77.49506291513401
./model.xml	obj	R_GLUt2rpp	optimal	77.49506291513401
./model.xml	obj	R_GLUt4	optimal	77.49506291513401
./model.xml	obj	R_GLUt4pp	optimal	77.49506291513401
./model.xml	obj	R_GLXCL	optimal	77.49506291513401
./model.xml	obj	R_GLXO1	optimal	77.49506291513401
./model.xml	obj	R_GLYALDDr	optimal	77.49506291513401
./model.xml	obj	R_GLYALDt	optimal	77.49506291513401
./model.xml	obj	R_GLYBabc	optimal	77.49506291513401
./model.xml	obj	R_GLYBt2r	optimal	77.49506291513401
./model.xml	obj	R_GLYC3Pabc	optimal	77.49506291513401
./model.xml	obj	R_GLYC3Ptex	optimal	77.49506291513401
./model.xml	obj	R_GLYCK	optimal	77.49506291513401
./model.xml	obj	R_GLYCK2	optimal	77.49506291513401
./model.xml	obj	R_GLYCL	optimal	77.49506291513401
./model.xml	obj	R_GLYCLTDx	optimal	77.49506291513421
./model.xml	obj	R_GLYCLTDy	optimal	77.49506291513421
./model.xml	obj	R_GLYCLTt2r	optimal	77.49506291513421
./model.xml	obj	R_GLYCLTt2rpp	optimal	77.49506291513421
./model.xml	obj	R_GLYCLTt4pp	optimal	77.49506291513421
./model.xml	obj	R_GLYCL_2	optimal	77.49506291513421
./model.xml	obj	R_GLYCTO1	optimal	77.49506291513421
./model.xml	obj	R_GLYCt	optimal	77.49506291513421
./model.xml	obj	R_GLYCtpp	optimal	77.49506291513421
./model.xml	obj	R_GLYK	optimal	77.49506291513421
./model.xml	obj	R_GLYOX	optimal	77.49506291513421
./model.xml	obj	R_GLYOX_1	optimal	77.49506291513421
./model.xml	obj	R_GLYt2r	optimal	77.49506291513423
./model.xml	obj	R_GMPS2	optimal	77.49506291513423
./model.xml	obj	R_GND	optimal	74.72738209673669
./model.xml	obj	R_GNK	optimal	77.4950629151342
./model.xml	obj	R_GNKr	optimal	77.4950629151342
./model.xml	obj	R_GPDDA2	optimal	77.4950629151342
./model.xml	obj	R_GRTT	optimal	-1.475329906172712e-14
./model.xml	obj	R_GRXR	optimal	77.49506291513431
./model.xml	obj	R_GSNK	optimal	77.49506291513431
./model.xml	obj	R_GTHOr	optimal	77.49506291513431
./model.xml	obj	R_GTHRDabc2pp	optimal	77.49506291513431
./model.xml	obj	R_GTHRDabcpp	optimal	77.49506291513431
./model.xml	obj	R_GTPCI	optimal	77.49506291513431
./model.xml	obj	R_GTPCII	optimal	77.49506291513431
./model.xml	obj	R_GTPCII2	optimal	77.49506291513431
./model.xml	obj	R_GTPDPK	optimal	77.49506291513431
./model.xml	obj	R_GTPH1	optimal	77.49506291513431
./model.xml	obj	R_GTPHs	optimal	77.49506291513431
./model.xml	obj	R_GUAPRT	optimal	76.60031544959642
./model.xml	obj	R_GUAt2r	optimal	76.60031544959642
./model.xml	obj	R_GUI1	optimal	77.49506291513426
./model.xml	obj	R_Growth	optimal	0.0
./model.xml	obj	R_H2CO3D	optimal	77.4950629151342
./model.xml	obj	R_H2CO3TP	optimal	77.4950629151342
./model.xml	obj	R_H2Ot	optimal	77.4950629151342
./model.xml	obj	R_H2Otex	optimal	77.4950629151342
./model.xml	obj	R_H2Otpp	optimal	77.4950629151342
./model.xml	obj	R_H2St	optimal	77.4950629151342
./model.xml	obj	R_HACD1	optimal	77.4950629151342
./model.xml	obj	R_HACD1_2	optimal	77.4950629151342
./model.xml	obj	R_HACD2	optimal	77.4950629151342
./model.xml	obj	R_HACD3	optimal	77.4950629151342
./model.xml	obj	R_HACD4	optimal	77.4950629151342
./model.xml	obj	R_HACD5	optimal	77.4950629151342
./model.xml	obj	R_HACD5i	optimal	77.4950629151342
./model.xml	obj	R_HACD6	optimal	77.4950629151342
./model.xml	obj	R_HACD6i	optimal	77.4950629151342
./model.xml	obj	R_HACD7	optimal	77.4950629151342
./model.xml	obj	R_HACD8	optimal	77.4950629151342
./model.xml	obj	R_HACD9	optimal	77.4950629151342
./model.xml	obj	R_HADPCOADH3	optimal	77.49506291513426
./model.xml	obj	R_HCINNMt2r	optimal	77.4950629151342
./model.xml	obj	R_HCINNMt2rpp	optimal	77.4950629151342
./model.xml	obj	R_HCINNMtex	optimal	77.4950629151342
./model.xml	obj	R_HCO3E	optimal	77.4950629151342
./model.xml	obj	R_HCYSMT	optimal	77.4950629151342
./model.xml	obj	R_HCYSMT2	optimal	77.49493829050138
./model.xml	obj	R_HDCAt2pp	optimal	77.4950629151342
./model.xml	obj	R_HDCEAtexi	optimal	77.4950629151342
./model.xml	obj	R_HEX1	optimal	77.4950629151342
./model.xml	obj	R_HEX4	optimal	77.4950629151342
./model.xml	obj	R_HEX7	optimal	77.4950629151342
./model.xml	obj	R_HEXt2rpp	optimal	77.4950629151342
./model.xml	obj	R_HG2abcpp	optimal	77.4950629151342
./model.xml	obj	R_HG2t3pp	optimal	77.4950629151342
./model.xml	obj	R_HG2tex	optimal	77.4950629151342
./model.xml	obj	R_HGt	optimal	77.4950629151342
./model.xml	obj	R_HHDDI	optimal	77.4950629151342
./model.xml	obj	R_HISDr	optimal	77.4950629151342
./model.xml	obj	R_HISTD	optimal	77.4950629151342
./model.xml	obj	R_HISTP	optimal	77.4950629151342
./model.xml	obj	R_HISabc	optimal	77.4950629151342
./model.xml	obj	R_HISabcpp	optimal	77.4950629151342
./model.xml	obj	R_HISt2r	optimal	77.3771754472679
./model.xml	obj	R_HISt2rpp	optimal	77.4950629151342
./model.xml	obj	R_HKNDDH	optimal	77.4950629151342
./model.xml	obj	R_HKtpp	optimal	77.4950629151342
./model.xml	obj	R_HMBS	optimal	77.4950629151342
./model.xml	obj	R_HMPK1	optimal	77.4950629151342
./model.xml	obj	R_HMSH	optimal	77.49506291513426
./model.xml	obj	R_HOPNTAL3	optimal	77.49506291513426
./model.xml	obj	R_HPA3MO	optimal	77.49506291513426
./model.xml	obj	R_HPAtex	optimal	77.49506291513426
./model.xml	obj	R_HPPK	optimal	77.49506291513426
./model.xml	obj	R_HPPK2	optimal	77.49506291513426
./model.xml	obj	R_HPPPNDO	optimal	77.49506291513426
./model.xml	obj	R_HPPPNt2r	optimal	77.49506291513426
./model.xml	obj	R_HPYRI	optimal	77.49506291513427
./model.xml	obj	R_HPYRRx	optimal	77.49506291513427
./model.xml	obj	R_HPYRRy	optimal	77.49506291513427
./model.xml	obj	R_HSDx	optimal	77.49506291513427
./model.xml	obj	R_HSDy	optimal	77.49506291513427
./model.xml	obj	R_HSERTA	optimal	77.49506291513427
./model.xml	obj	R_HSK	optimal	77.49506291513427
./model.xml	obj	R_HSTPT	optimal	77.49506291513427
./model.xml	obj	R_HXANt2r	optimal	77.49506291513427
./model.xml	obj	R_HXPRT	optimal	77.49506291513427
./model.xml	obj	R_HYD2	optimal	77.49506291513427
./model.xml	obj	R_HYDFDN2r	optimal	77.49506291513427
./model.xml	obj	R_HYPOE	optimal	77.49506291513427
./model.xml	obj	R_I2FE2SR	optimal	77.49506291513427
./model.xml	obj	R_I2FE2SS2	optimal	77.49506291513427
./model.xml	obj	R_I2FE2ST	optimal	77.49506291513427
./model.xml	obj	R_I4FE4SR	optimal	77.49506291513427
./model.xml	obj	R_I4FE4ST	optimal	77.49506291513427
./model.xml	obj	R_ICDHx	optimal	77.49506291513427
./model.xml	obj	R_ICDHyr	optimal	77.49506291513427
./model.xml	obj	R_ICHORS	optimal	1.030185533479626e-13
./model.xml	obj	R_ICHORT	optimal	77.49506291513413
./model.xml	obj	R_ICYSDS	optimal	77.49506291513413
./model.xml	obj	R_ID3ACALDt	optimal	77.4950629151344
./model.xml	obj	R_IDOND	optimal	77.49506291513435
./model.xml	obj	R_IDONt2r	optimal	77.49506291513435
./model.xml	obj	R_IDONt2rpp	optimal	77.49506291513435
./model.xml	obj	R_IDONtex	optimal	77.49506291513435
./model.xml	obj	R_IG3PS	optimal	77.49506291513435
./model.xml	obj	R_IGPDH	optimal	77.49506291513435
./model.xml	obj	R_IGPS	optimal	77.49506291513435
./model.xml	obj	R_ILETA	optimal	77.49506291513435
./model.xml	obj	R_ILEabc	optimal	77.49506291513435
./model.xml	obj	R_ILEabcpp	optimal	77.49506291513435
./model.xml	obj	R_ILEt2r	optimal	77.49506291513435
./model.xml	obj	R_ILEt2rpp	optimal	77.49506291513435
./model.xml	obj	R_IMPC	optimal	77.49506291513435
./model.xml	obj	R_IMPD	optimal	77.49506291513435
./model.xml	obj	R_INDPYRD	optimal	77.49506291513435
./model.xml	obj	R_INOSTt4pp	optimal	77.49506291513435
./model.xml	obj	R_INSH	optimal	77.49506291513435
./model.xml	obj	R_INSTabc	optimal	77.49506291513435
./model.xml	obj	R_INSTt2	optimal	77.49506291513435
./model.xml	obj	R_INSTtex	optimal	77.49506291513435
./model.xml	obj	R_INSt2	optimal	77.49506291513435
./model.xml	obj	R_IOR2b	optimal	77.49506291513441
./model.xml	obj	R_IORb	optimal	77.49506291513441
./model.xml	obj	R_IPDDI	optimal	77.49506291513441
./model.xml	obj	R_IPDPS	optimal	77.49506291513441
./model.xml	obj	R_IPMD	optimal	77.49506291513441
./model.xml	obj	R_IPPMIa	optimal	77.49506291513441
./model.xml	obj	R_IPPMIb	optimal	77.49506291513441
./model.xml	obj	R_IPPS	optimal	77.49506291513441
./model.xml	obj	R_ITCY	optimal	77.49506291513441
./model.xml	obj	R_IZPN	optimal	77.49506291513423
./model.xml	obj	R_KARA1i	optimal	77.49506291513423
./model.xml	obj	R_KARA2	optimal	77.49506291513423
./model.xml	obj	R_KAS13	optimal	77.49506291513423
./model.xml	obj	R_KAS14	optimal	77.49506291513423
./model.xml	obj	R_KAS16	optimal	77.49506291513423
./model.xml	obj	R_KAS17	optimal	77.49506291513423
./model.xml	obj	R_KAS2	optimal	77.49506291513423
./model.xml	obj	R_KAS7	optimal	77.49506291513423
./model.xml	obj	R_KAS8	optimal	77.49506291513423
./model.xml	obj	R_KAT1	optimal	77.49506291513423
./model.xml	obj	R_KAT2	optimal	77.49506291513423
./model.xml	obj	R_KAT3	optimal	77.49506291513423
./model.xml	obj	R_KAT4	optimal	77.49506291513423
./model.xml	obj	R_KAT5	optimal	77.49506291513423
./model.xml	obj	R_KAT6	optimal	77.49506291513423
./model.xml	obj	R_KAT7	optimal	77.49506291513423
./model.xml	obj	R_Kabc	optimal	77.49506291513423
./model.xml	obj	R_Kabcpp	optimal	77.49506291513423
./model.xml	obj	R_Kt1	optimal	77.49506291513423
./model.xml	obj	R_Kt2pp	optimal	77.49506291513423
./model.xml	obj	R_Kt2r	optimal	77.49506291513417
./model.xml	obj	R_Kt3pp	optimal	77.49506291513417
./model.xml	obj	R_Kt3r	optimal	77.49506291513417
./model.xml	obj	R_LACZpp	optimal	77.49506291513417
./model.xml	obj	R_LCADi	optimal	77.49506291513417
./model.xml	obj	R_LCARS	optimal	77.49506291513417
./model.xml	obj	R_LCTSt	optimal	77.49506291513417
./model.xml	obj	R_LCTSt3ipp	optimal	77.49506291513417
./model.xml	obj	R_LDH_D1	optimal	77.49506291513417
./model.xml	obj	R_LDH_L	optimal	77.49506291513428
./model.xml	obj	R_LEUTA	optimal	77.49506291513428
./model.xml	obj	R_LEUabc	optimal	77.49506291513428
./model.xml	obj	R_LEUabcpp	optimal	77.49506291513428
./model.xml	obj	R_LEUt2r	optimal	77.49506291513428
./model.xml	obj	R_LEUt4rpp	optimal	77.49506291513428
./model.xml	obj	R_LIPOCT	optimal	77.49506291513428
./model.xml	obj	R_LIPOS	optimal	77.49506291513428
./model.xml	obj	R_LPLIPAL1A120pp	optimal	77.49506291513428
./model.xml	obj	R_LPLIPAL1A141pp	optimal	77.49506291513428
./model.xml	obj	R_LPLIPAL1A160pp	optimal	77.49506291513428
./model.xml	obj	R_LPLIPAL1A180pp	optimal	77.49506291513428
./model.xml	obj	R_LPLIPAL2E120	optimal	77.49506291513428
./model.xml	obj	R_LYSMO	optimal	77.49506291513428
./model.xml	obj	R_LYSabc	optimal	77.49506291513428
./model.xml	obj	R_LYSabcpp	optimal	77.49506291513428
./model.xml	obj	R_LYSt3pp	optimal	77.49506291513428
./model.xml	obj	R_LYSt5r	optimal	77.06974624137804
./model.xml	obj	R_L_LACD2	optimal	77.49506291513428
./model.xml	obj	R_L_LACD3	optimal	77.49506291513428
./model.xml	obj	R_L_LACt2r	optimal	77.49506291513428
./model.xml	obj	R_L_LACt2rpp	optimal	77.49506291513428
./model.xml	obj	R_L_LACtex	optimal	77.49506291513428
./model.xml	obj	R_MACCOAT	optimal	77.49506291513428
./model.xml	obj	R_MALTHPabc	optimal	77.49506291513428
./model.xml	obj	R_MALTHXabcpp	optimal	77.49506291513428
./model.xml	obj	R_MALTHXtexi	optimal	77.49506291513428
./model.xml	obj	R_MALTabc	optimal	77.49506291513428
./model.xml	obj	R_MALt2_2	optimal	77.49506291513428
./model.xml	obj	R_MALt2_2pp	optimal	77.49506291513428
./model.xml	obj	R_MALt2_3	optimal	77.49506291513428
./model.xml	obj	R_MALt2_3pp	optimal	77.49506291513428
./model.xml	obj	R_MALt2r	optimal	77.49506291513428
./model.xml	obj	R_MALt5	optimal	77.49506291513428
./model.xml	obj	R_MAN1PT	optimal	77.49506291513428
./model.xml	obj	R_MAN1PT2	optimal	77.49506291513428
./model.xml	obj	R_MAN1Pt6	optimal	65.45074166912158
./model.xml	obj	R_MAN6PI	optimal	65.45074166912158
./model.xml	obj	R_MANAO	optimal	77.4950629151343
./model.xml	obj	R_MANpts	optimal	77.4950629151343
./model.xml	obj	R_MCA	optimal	77.4950629151343
./model.xml	obj	R_MCITL2	optimal	77.4950629151343
./model.xml	obj	R_MCITS	optimal	77.4950629151343
./model.xml	obj	R_MCOATA	optimal	77.4950629151343
./model.xml	obj	R_MCTP1App	optimal	77.4950629151343
./model.xml	obj	R_MCTP1Bpp	optimal	77.4950629151343
./model.xml	obj	R_MCTP2App	optimal	77.4950629151343
./model.xml	obj	R_MDDCP1pp	optimal	77.4950629151343
./model.xml	obj	R_MDDCP2pp	optimal	77.4950629151343
./model.xml	obj	R_MDDCP3pp	optimal	77.4950629151343
./model.xml	obj	R_MDDCP4pp	optimal	77.4950629151343
./model.xml	obj	R_MDDCP5pp	optimal	77.4950629151343
./model.xml	obj	R_MDDEP1pp	optimal	77.4950629151343
./model.xml	obj	R_MDDEP3pp	optimal	77.4950629151343
./model.xml	obj	R_MDDEP4pp	optimal	77.4950629151343
./model.xml	obj	R_MDH	optimal	77.4950629151343
./model.xml	obj	R_MDH2	optimal	77.4950629151343
./model.xml	obj	R_MDH3	optimal	77.4950629151343
./model.xml	obj	R_MECDPDH2	optimal	77.49506291513427
./model.xml	obj	R_MECDPDH4	optimal	77.49506291513431
./model.xml	obj	R_MECDPS	optimal	4.4513168889202146e-14
./model.xml	obj	R_MELIBt2pp	optimal	77.49506291513423
./model.xml	obj	R_MELIBt3ipp	optimal	77.49506291513423
./model.xml	obj	R_MEPCT	optimal	-8.902633777840429e-14
./model.xml	obj	R_METAT	optimal	0.0
./model.xml	obj	R_METB1	optimal	77.49506291513424
./model.xml	obj	R_METOX1s	optimal	77.49506291513424
./model.xml	obj	R_METOX2s	optimal	77.49506291513424
./model.xml	obj	R_METS	optimal	77.49506291513424
./model.xml	obj	R_METSOXR1	optimal	77.49506291513424
./model.xml	obj	R_METSOXR2	optimal	77.49506291513424
./model.xml	obj	R_METS_1	optimal	77.49506291513424
./model.xml	obj	R_METabc	optimal	77.39933919667104
./model.xml	obj	R_MGSA	optimal	77.49506291513424
./model.xml	obj	R_MGt5	optimal	0.0
./model.xml	obj	R_MI1PP	optimal	77.49506291513451
./model.xml	obj	R_MI1PS	optimal	77.49506291513451
./model.xml	obj	R_MLDCP1Bpp	optimal	77.49506291513451
./model.xml	obj	R_MLDEP2pp	optimal	77.49506291513451
./model.xml	obj	R_MLTG1	optimal	77.49506291513451
./model.xml	obj	R_MLTG2	optimal	77.49506291513451
./model.xml	obj	R_MLTG3	optimal	77.49506291513451
./model.xml	obj	R_MLTG4	optimal	77.49506291513451
./model.xml	obj	R_MLTG5	optimal	77.49506291513451
./model.xml	obj	R_MLTGY1pp	optimal	77.49506291513451
./model.xml	obj	R_MLTGY2pp	optimal	77.49506291513451
./model.xml	obj	R_MLTGY4pp	optimal	77.49506291513451
./model.xml	obj	R_MMCD	optimal	77.49506291513451
./model.xml	obj	R_MMETt2pp	optimal	77.49493829050175
./model.xml	obj	R_MMETtex	optimal	77.49493829050175
./model.xml	obj	R_MMSAD2	optimal	77.49506291513451
./model.xml	obj	R_MN2t3pp	optimal	77.49506291513451
./model.xml	obj	R_MN2tpp	optimal	77.49506291513451
./model.xml	obj	R_MN6PP	optimal	77.49506291513451
./model.xml	obj	R_MNNH	optimal	77.49506291513451
./model.xml	obj	R_MNabc	optimal	77.49506291513451
./model.xml	obj	R_MNabc_1	optimal	77.49506291513451
./model.xml	obj	R_MNt2	optimal	77.49420176710646
./model.xml	obj	R_MNt2pp	optimal	77.49506291513451
./model.xml	obj	R_MOADSUx	optimal	77.49506291513451
./model.xml	obj	R_MOBDabc	optimal	77.49506291513451
./model.xml	obj	R_MOCDS	optimal	77.49506291513451
./model.xml	obj	R_MOCOS	optimal	77.49506291513451
./model.xml	obj	R_MOHMT	optimal	77.49506291513451
./model.xml	obj	R_MPTAT	optimal	77.49506291513451
./model.xml	obj	R_MPTG	optimal	77.49506291513451
./model.xml	obj	R_MPTG2	optimal	77.49506291513451
./model.xml	obj	R_MPTS	optimal	77.49506291513451
./model.xml	obj	R_MPTSS	optimal	77.49506291513451
./model.xml	obj	R_MSHAMID	optimal	77.49506291513451
./model.xml	obj	R_MSHS	optimal	77.49506291513451
./model.xml	obj	R_MTAN	optimal	77.49506291513451
./model.xml	obj	R_MTHFC	optimal	77.49450709236459
./model.xml	obj	R_MTHFD	optimal	77.49506291513424
./model.xml	obj	R_MTHFD2i	optimal	77.49506291513424
./model.xml	obj	R_MTHFR3	optimal	77.49506291513424
./model.xml	obj	R_MTHFR5	optimal	77.49506291513424
./model.xml	obj	R_MTHTHFSs	optimal	4.5794450743941525e-14
./model.xml	obj	R_MTI	optimal	77.49506291513431
./model.xml	obj	R_MYCTR	optimal	77.49506291513431
./model.xml	obj	R_MYCTR2	optimal	77.49506291513431
./model.xml	obj	R_N2OR	optimal	77.49506291513431
./model.xml	obj	R_N2Otpp	optimal	77.49506291513431
./model.xml	obj	R_N2tex	optimal	77.49506291513431
./model.xml	obj	R_N2trpp	optimal	77.49506291513431
./model.xml	obj	R_NACODA	optimal	77.49506291513431
./model.xml	obj	R_NACt	optimal	77.49506291513356
./model.xml	obj	R_NADDP	optimal	77.49506291513431
./model.xml	obj	R_NADFADOR	optimal	77.4950629151344
./model.xml	obj	R_NADH10	optimal	77.4950629151344
./model.xml	obj	R_NADH5	optimal	77.4950629151344
./model.xml	obj	R_NADH6	optimal	77.4950629151342
./model.xml	obj	R_NADH7	optimal	77.4950629151342
./model.xml	obj	R_NADH8	optimal	77.4950629151342
./model.xml	obj	R_NADH9	optimal	77.4950629151342
./model.xml	obj	R_NADK	optimal	0.0
./model.xml	obj	R_NADPHQR2	optimal	77.49506291513444
./model.xml	obj	R_NADS1	optimal	1.407547857344464e-10
./model.xml	obj	R_NAMNPP	optimal	77.49506291513464
./model.xml	obj	R_NAPRT	optimal	77.49222406543183
./model.xml	obj	R_NAabcO	optimal	77.49506291513431
./model.xml	obj	R_NAt3_1	optimal	77.49506291513464
./model.xml	obj	R_NAt3_15	optimal	77.49506291513528
./model.xml	obj	R_NAt3_2	optimal	77.49506291513464
./model.xml	obj	R_NAt3pp	optimal	77.49506291513464
./model.xml	obj	R_NCAMUP	optimal	77.49506291513464
./model.xml	obj	R_NDPK1	optimal	77.49506291513464
./model.xml	obj	R_NDPK2	optimal	-7.968513636765937e-13
./model.xml	obj	R_NDPK3	optimal	8.219874029471062e-12
./model.xml	obj	R_NDPK4	optimal	1.5556465187550565e-13
./model.xml	obj	R_NDPK5	optimal	77.49506291513427
./model.xml	obj	R_NDPK6	optimal	77.49506291513427
./model.xml	obj	R_NDPK7	optimal	77.49506291513427
./model.xml	obj	R_NDPK8	optimal	77.49506291513427
./model.xml	obj	R_NDPK9	optimal	77.49506291513427
./model.xml	obj	R_NH3c	optimal	77.49506291513427
./model.xml	obj	R_NH4OHDs	optimal	77.49506291513428
./model.xml	obj	R_NH4t	optimal	77.49506291513428
./model.xml	obj	R_NH4tex	optimal	77.49506291513428
./model.xml	obj	R_NH4tpp	optimal	77.49506291513428
./model.xml	obj	R_NI2abcpp	optimal	77.49506291513428
./model.xml	obj	R_NI2t3pp	optimal	77.49506291513428
./model.xml	obj	R_NI2t4pp	optimal	77.49506291513428
./model.xml	obj	R_NI2uabcpp	optimal	77.49506291513428
./model.xml	obj	R_NIT1b	optimal	77.49506291513428
./model.xml	obj	R_NIT1b_1	optimal	77.49506291513428
./model.xml	obj	R_NMNAT	optimal	77.49506291513428
./model.xml	obj	R_NNAM	optimal	77.49506291513428
./model.xml	obj	R_NNATr	optimal	2.8616218315228447e-14
./model.xml	obj	R_NO2t2r	optimal	77.4950629152318
./model.xml	obj	R_NO3R1	optimal	77.4950629152318
./model.xml	obj	R_NO3R2	optimal	77.49506291519849
./model.xml	obj	R_NO3t7pp	optimal	77.49506291513435
./model.xml	obj	R_NO3tex	optimal	77.49506291513435
./model.xml	obj	R_NORZpp	optimal	77.49506291513435
./model.xml	obj	R_NOt	optimal	77.49506291513435
./model.xml	obj	R_NOtpp	optimal	77.49506291513435
./model.xml	obj	R_NPHS	optimal	0.0
./model.xml	obj	R_NTD1	optimal	77.49506291513408
./model.xml	obj	R_NTD2	optimal	77.49506291513408
./model.xml	obj	R_NTD2pp	optimal	77.49506291513408
./model.xml	obj	R_NTD4	optimal	77.49506291513408
./model.xml	obj	R_NTD5	optimal	77.49506291513408
./model.xml	obj	R_NTP1	optimal	77.49506291513408
./model.xml	obj	R_NTP10	optimal	77.49506291513408
./model.xml	obj	R_NTP3	optimal	77.49506291513408
./model.xml	obj	R_NTP5	optimal	77.49506291513408
./model.xml	obj	R_NTPP1	optimal	77.49506291513408
./model.xml	obj	R_NTPP11	optimal	77.49506291513408
./model.xml	obj	R_NTPP2	optimal	77.49506291513408
./model.xml	obj	R_NTPP3	optimal	77.49506291513408
./model.xml	obj	R_NTPP4	optimal	77.49506291513408
./model.xml	obj	R_NTPP5	optimal	77.49506291513408
./model.xml	obj	R_NTPP6	optimal	77.49506291513408
./model.xml	obj	R_NTPP7	optimal	77.49506291513408
./model.xml	obj	R_NTPP8	optimal	77.49506291513408
./model.xml	obj	R_NTPP9	optimal	77.49506291513408
./model.xml	obj	R_NTPTP1	optimal	77.49506291513408
./model.xml	obj	R_NTPTP2	optimal	77.49506291513408
./model.xml	obj	R_NTRARz	optimal	77.49506291513408
./model.xml	obj	R_NTRIR2x	optimal	77.49506291513451
./model.xml	obj	R_NTRIR3pp	optimal	77.49506291513423
./model.xml	obj	R_NTRIR4pp	optimal	77.49506291513428
./model.xml	obj	R_NTRIRx	optimal	77.49506291513428
./model.xml	obj	R_NTRIRy	optimal	77.49506291513421
./model.xml	obj	R_O2t	optimal	77.49445724317793
./model.xml	obj	R_O2tpp	optimal	77.49417933514108
./model.xml	obj	R_OACT	optimal	77.49506291513426
./model.xml	obj	R_OAO5t3ex	optimal	77.49506291513426
./model.xml	obj	R_OAO5t3pp	optimal	77.49506291513426
./model.xml	obj	R_OBTFL	optimal	77.49506291513426
./model.xml	obj	R_OCBT	optimal	77.49506291513426
./model.xml	obj	R_OCDCAt2pp	optimal	77.49506291513426
./model.xml	obj	R_OCDCEAtexi	optimal	77.49506291513426
./model.xml	obj	R_OCOAT2r	optimal	77.49506291513426
./model.xml	obj	R_OCTAtex	optimal	77.49506291513426
./model.xml	obj	R_OCTDPS	optimal	0.0
./model.xml	obj	R_OCTNLL	optimal	77.49506291513447
./model.xml	obj	R_OHEDH	optimal	77.49506291513447
./model.xml	obj	R_OHPBAT	optimal	77.49506291513447
./model.xml	obj	R_OMCDC	optimal	77.49506291513447
./model.xml	obj	R_OMPDC	optimal	77.49506291513447
./model.xml	obj	R_OOR2	optimal	77.49506291513426
./model.xml	obj	R_OP4ENH	optimal	77.49506291513423
./model.xml	obj	R_OPTCCL	optimal	77.49506291513424
./model.xml	obj	R_ORNTAC	optimal	77.49506291513424
./model.xml	obj	R_ORNabc	optimal	77.49506291513424
./model.xml	obj	R_ORNabcpp	optimal	77.49506291513424
./model.xml	obj	R_ORNt	optimal	77.49506291513424
./model.xml	obj	R_ORNtex	optimal	77.49506291513424
./model.xml	obj	R_ORPT	optimal	77.49506291513424
./model.xml	obj	R_OXADC	optimal	77.49506291513424
./model.xml	obj	R_OXCOAHDH	optimal	77.49506291513424
./model.xml	obj	R_OXDHCOAT	optimal	77.49506291513424
./model.xml	obj	R_OXGDC	optimal	77.49506291513424
./model.xml	obj	R_OXGDC2	optimal	77.49506291513434
./model.xml	obj	R_OXPTNDH	optimal	77.49506291513434
./model.xml	obj	R_P5CD	optimal	77.49506291513434
./model.xml	obj	R_P5CR	optimal	77.49506291513434
./model.xml	obj	R_P5CRx	optimal	77.49506291513434
./model.xml	obj	R_PA141abcpp	optimal	77.49506291513434
./model.xml	obj	R_PA160abcpp	optimal	77.49506291513434
./model.xml	obj	R_PA180abcpp	optimal	77.49506291513434
./model.xml	obj	R_PA181abcpp	optimal	77.49506291513434
./model.xml	obj	R_PACALDt2rpp	optimal	77.49506291513427
./model.xml	obj	R_PACALDtex	optimal	77.49506291513427
./model.xml	obj	R_PACCOAE	optimal	77.49506291513427
./model.xml	obj	R_PACCOAL	optimal	77.49506291513427
./model.xml	obj	R_PACCOAL3	optimal	77.49506291513427
./model.xml	obj	R_PACt2r	optimal	77.49506291513427
./model.xml	obj	R_PANTS	optimal	77.49506291513427
./model.xml	obj	R_PAPA140pp	optimal	77.49506291513427
./model.xml	obj	R_PAPA160pp	optimal	77.49506291513427
./model.xml	obj	R_PAPA161pp	optimal	77.49506291513427
./model.xml	obj	R_PAPA180pp	optimal	77.49506291513427
./model.xml	obj	R_PAPA181pp	optimal	77.49506291513427
./model.xml	obj	R_PAPPT3	optimal	0.0
./model.xml	obj	R_PAPSR	optimal	77.4950629151343
./model.xml	obj	R_PC	optimal	77.4950629151343
./model.xml	obj	R_PDE1	optimal	77.4950629151343
./model.xml	obj	R_PDH	optimal	77.49506291513406
./model.xml	obj	R_PDHa	optimal	77.49506291513427
./model.xml	obj	R_PDHbr	optimal	77.49506291513427
./model.xml	obj	R_PDHcr	optimal	77.49506291513428
./model.xml	obj	R_PDXPP	optimal	77.49506291513428
./model.xml	obj	R_PE120abcpp	optimal	77.49506291513428
./model.xml	obj	R_PE140abcpp	optimal	77.49506291513428
./model.xml	obj	R_PE141abcpp	optimal	77.49506291513428
./model.xml	obj	R_PE160abcpp	optimal	77.49506291513428
./model.xml	obj	R_PE161abcpp	optimal	77.49506291513428
./model.xml	obj	R_PE180abcpp	optimal	77.49506291513428
./model.xml	obj	R_PEPCK_re	optimal	77.49506291513428
./model.xml	obj	R_PERD	optimal	77.49506291513428
./model.xml	obj	R_PFK	optimal	71.24306755759687
./model.xml	obj	R_PFL	optimal	77.49506291513431
./model.xml	obj	R_PG120abcpp	optimal	77.49506291513431
./model.xml	obj	R_PG140abcpp	optimal	77.49506291513431
./model.xml	obj	R_PG141abcpp	optimal	77.49506291513431
./model.xml	obj	R_PG160abcpp	optimal	77.49506291513431
./model.xml	obj	R_PG161abcpp	optimal	77.49506291513431
./model.xml	obj	R_PG180abcpp	optimal	77.49506291513431
./model.xml	obj	R_PG181abcpp	optimal	77.49506291513431
./model.xml	obj	R_PGAMT	optimal	77.49506291513431
./model.xml	obj	R_PGCD	optimal	77.49506291513431
./model.xml	obj	R_PGI	optimal	74.72738209673662
./model.xml	obj	R_PGK	optimal	50.324468349322714
./model.xml	obj	R_PGL	optimal	74.72738209673642
./model.xml	obj	R_PGM	optimal	77.49506291513443
./model.xml	obj	R_PGMT	optimal	77.49506291513434
./model.xml	obj	R_PGM_1	optimal	77.49506291513434
./model.xml	obj	R_PGP141abcpp	optimal	77.49506291513434
./model.xml	obj	R_PGP160abcpp	optimal	77.49506291513434
./model.xml	obj	R_PGP180abcpp	optimal	77.49506291513434
./model.xml	obj	R_PGP181abcpp	optimal	77.49506291513434
./model.xml	obj	R_PGPP120	optimal	77.49506291513434
./model.xml	obj	R_PGPP140	optimal	77.49506291513434
./model.xml	obj	R_PGPP141pp	optimal	77.49506291513434
./model.xml	obj	R_PGPP160pp	optimal	77.49506291513434
./model.xml	obj	R_PGPP161	optimal	77.49506291513434
./model.xml	obj	R_PGPP180	optimal	77.49506291513434
./model.xml	obj	R_PGPP180pp	optimal	77.49506291513434
./model.xml	obj	R_PGPP181	optimal	77.49506291513434
./model.xml	obj	R_PGPP181pp	optimal	77.49506291513434
./model.xml	obj	R_PGSA120	optimal	77.49506291513434
./model.xml	obj	R_PGSA140	optimal	77.49506291513434
./model.xml	obj	R_PGSA141	optimal	77.49506291513434
./model.xml	obj	R_PGSA160	optimal	77.49506291513434
./model.xml	obj	R_PGSA161	optimal	77.49506291513434
./model.xml	obj	R_PGSA180	optimal	77.49506291513434
./model.xml	obj	R_PGSA181	optimal	77.49506291513434
./model.xml	obj	R_PHACOAOR	optimal	77.49506291513441
./model.xml	obj	R_PHEMEabcpp	optimal	77.49506291513441
./model.xml	obj	R_PHEMEtiex	optimal	77.49506291513441
./model.xml	obj	R_PHETA1	optimal	77.49506291513411
./model.xml	obj	R_PHEt2r	optimal	77.0360258001741
./model.xml	obj	R_PIabc	optimal	77.49506291513411
./model.xml	obj	R_PIt2r	optimal	66.16522249274776
./model.xml	obj	R_PIuabcpp	optimal	77.49506291513423
./model.xml	obj	R_PLIPA1E120pp	optimal	77.49506291513423
./model.xml	obj	R_PLIPA1E140pp	optimal	77.49506291513423
./model.xml	obj	R_PLIPA1E141pp	optimal	77.49506291513423
./model.xml	obj	R_PLIPA1E160pp	optimal	77.49506291513423
./model.xml	obj	R_PLIPA1E161pp	optimal	77.49506291513423
./model.xml	obj	R_PLIPA1E180pp	optimal	77.49506291513423
./model.xml	obj	R_PLIPA1G141pp	optimal	77.49506291513423
./model.xml	obj	R_PLIPA1G160pp	optimal	77.49506291513423
./model.xml	obj	R_PLIPA2A120pp	optimal	77.49506291513423
./model.xml	obj	R_PLIPA2A141pp	optimal	77.49506291513423
./model.xml	obj	R_PLIPA2A160pp	optimal	77.49506291513423
./model.xml	obj	R_PLIPA2A180pp	optimal	77.49506291513423
./model.xml	obj	R_PLPS	optimal	-1.8212511147913415e-13
./model.xml	obj	R_PMANM	optimal	65.45074166912146
./model.xml	obj	R_PMDPHT	optimal	77.49506291513391
./model.xml	obj	R_PMPK	optimal	0.0
./model.xml	obj	R_PNTK	optimal	2.7665745040557055e-08
./model.xml	obj	R_PNTOt2	optimal	77.49362726365226
./model.xml	obj	R_POX	optimal	77.49506291513418
./model.xml	obj	R_PPA	optimal	1.3312137538240021e-12
./model.xml	obj	R_PPA2	optimal	77.49506291513444
./model.xml	obj	R_PPAKr	optimal	77.49506291513444
./model.xml	obj	R_PPAt2pp	optimal	77.49506291513444
./model.xml	obj	R_PPAt4pp	optimal	77.49506291513444
./model.xml	obj	R_PPAtex	optimal	77.49506291513444
./model.xml	obj	R_PPBNGS	optimal	77.49506291513444
./model.xml	obj	R_PPC	optimal	77.49506291513444
./model.xml	obj	R_PPCDC	optimal	-7.867039783665067e-14
./model.xml	obj	R_PPCK	optimal	77.4950629151343
./model.xml	obj	R_PPCOAC	optimal	77.4950629151343
./model.xml	obj	R_PPCSCT	optimal	77.4950629151343
./model.xml	obj	R_PPGKr	optimal	77.4950629151343
./model.xml	obj	R_PPGPPDP	optimal	77.4950629151343
./model.xml	obj	R_PPK2r	optimal	77.4950629151343
./model.xml	obj	R_PPKr	optimal	77.4950629151343
./model.xml	obj	R_PPNCL	optimal	77.49434508274416
./model.xml	obj	R_PPNCL2	optimal	77.4950629151343
./model.xml	obj	R_PPNCL3	optimal	77.4950629151343
./model.xml	obj	R_PPND	optimal	77.4950629151343
./model.xml	obj	R_PPNDH	optimal	77.4950629151343
./model.xml	obj	R_PPPGO	optimal	77.4950629151343
./model.xml	obj	R_PRAGSr	optimal	0.0
./model.xml	obj	R_PRAIS	optimal	0.0
./model.xml	obj	R_PRAIi	optimal	77.49506291513435
./model.xml	obj	R_PRAMPC	optimal	77.49506291513424
./model.xml	obj	R_PRASCSi	optimal	77.49506291513424
./model.xml	obj	R_PRATPP	optimal	77.49506291513424
./model.xml	obj	R_PRFGS	optimal	7.173623405174399e-14
./model.xml	obj	R_PRMICI	optimal	77.49506291513418
./model.xml	obj	R_PROD2	optimal	77.49506291513414
./model.xml	obj	R_PROGLYabcpp	optimal	77.49506291513414
./model.xml	obj	R_PROGLYtex	optimal	77.49506291513414
./model.xml	obj	R_PROabc	optimal	77.49506291513418
./model.xml	obj	R_PROabcpp	optimal	77.49506291513418
./model.xml	obj	R_PROt2r	optimal	77.49506291513414
./model.xml	obj	R_PROt2rpp	optimal	77.49506291513414
./model.xml	obj	R_PROt4	optimal	77.49506291513414
./model.xml	obj	R_PROt4pp	optimal	77.49506291513414
./model.xml	obj	R_PRPPS	optimal	2.9392784421010862e-12
./model.xml	obj	R_PSCVT	optimal	-2.322149209630235e-27
./model.xml	obj	R_PSD120	optimal	77.49506291513435
./model.xml	obj	R_PSERT	optimal	77.49506291513435
./model.xml	obj	R_PSER_Dt6	optimal	77.49506291513435
./model.xml	obj	R_PSP_D	optimal	77.49506291513435
./model.xml	obj	R_PSP_L	optimal	77.49506291513435
./model.xml	obj	R_PSSA120	optimal	77.49506291513435
./model.xml	obj	R_PTA2	optimal	77.49506291513435
./model.xml	obj	R_PTAr	optimal	61.153805936703904
./model.xml	obj	R_PTPATi	optimal	0.0
./model.xml	obj	R_PTRCTA	optimal	77.49506291513424
./model.xml	obj	R_PTRCabc	optimal	77.49506291513424
./model.xml	obj	R_PTRCabcpp	optimal	77.49506291513424
./model.xml	obj	R_PTRCtex	optimal	77.49506291513424
./model.xml	obj	R_PUTA3	optimal	77.49506291513424
./model.xml	obj	R_PYDAMK	optimal	77.49506291513424
./model.xml	obj	R_PYDXK	optimal	77.49506291513424
./model.xml	obj	R_PYDXNK	optimal	77.49506291513424
./model.xml	obj	R_PYDXPP	optimal	77.49506291513424
./model.xml	obj	R_PYK	optimal	61.1842595186335
./model.xml	obj	R_PYRDC	optimal	77.49506291513435
./model.xml	obj	R_PYRt2rpp	optimal	77.49506291513435
./model.xml	obj	R_PYRt4pp	optimal	77.49506291513435
./model.xml	obj	R_PYRtex	optimal	77.49506291513356
./model.xml	obj	R_QRr	optimal	77.49506291513433
./model.xml	obj	R_RAFFINt2	optimal	77.49506291513433
./model.xml	obj	R_RAFH	optimal	77.49506291513433
./model.xml	obj	R_RBFK	optimal	4.9378573463063836e-14
./model.xml	obj	R_RBFSa	optimal	77.49506291513376
./model.xml	obj	R_RBFSb	optimal	77.49506291513376
./model.xml	obj	R_RBK	optimal	77.49506291513376
./model.xml	obj	R_REPHACCOAI	optimal	77.49506291513376
./model.xml	obj	R_RHCCE	optimal	-1.2344643365765958e-13
./model.xml	obj	R_RIBFLVt2	optimal	77.49256177545685
./model.xml	obj	R_RIBabc	optimal	77.4950629151339
./model.xml	obj	R_RIBabc1	optimal	77.4950629151339
./model.xml	obj	R_RIBabcpp	optimal	77.4950629151339
./model.xml	obj	R_RIBtex	optimal	77.4950629151339
./model.xml	obj	R_RNDR1	optimal	77.4950629151339
./model.xml	obj	R_RNDR1b	optimal	77.4950629151339
./model.xml	obj	R_RNDR2	optimal	77.4950629151339
./model.xml	obj	R_RNDR2b	optimal	77.4950629151339
./model.xml	obj	R_RNDR3	optimal	77.4950629151339
./model.xml	obj	R_RNDR3b	optimal	77.4950629151339
./model.xml	obj	R_RNDR4	optimal	77.4950629151339
./model.xml	obj	R_RNDR4b	optimal	77.4950629151339
./model.xml	obj	R_RNTR1	optimal	77.4950629151339
./model.xml	obj	R_RNTR2	optimal	77.4950629151339
./model.xml	obj	R_RNTR3	optimal	77.4950629151339
./model.xml	obj	R_RNTR4	optimal	77.4950629151339
./model.xml	obj	R_RPE	optimal	74.81746760372083
./model.xml	obj	R_RPI	optimal	74.01443332010619
./model.xml	obj	R_S2FE2SR	optimal	77.49506291513427
./model.xml	obj	R_S2FE2SS2	optimal	77.49506291513427
./model.xml	obj	R_S2FE2ST	optimal	77.49506291513427
./model.xml	obj	R_S4FE4SR	optimal	77.49506291513427
./model.xml	obj	R_S4FE4ST	optimal	77.49506291513427
./model.xml	obj	R_SADT	optimal	77.49506291513427
./model.xml	obj	R_SADT2	optimal	77.49506291513427
./model.xml	obj	R_SALCHS4FER2	optimal	77.49506291513427
./model.xml	obj	R_SALCHS4FEabcpp	optimal	77.49506291513427
./model.xml	obj	R_SALCHS4FEtonex	optimal	77.49506291513427
./model.xml	obj	R_SALCHS4abcpp	optimal	77.49506291513427
./model.xml	obj	R_SALCHS4tex	optimal	77.49506291513427
./model.xml	obj	R_SCYSDS	optimal	77.49506291513427
./model.xml	obj	R_SDPDS	optimal	-1.3726727295580652e-14
./model.xml	obj	R_SDPTA	optimal	-1.3726727295580652e-14
./model.xml	obj	R_SERASr	optimal	77.49506291513421
./model.xml	obj	R_SERAT	optimal	77.4950629151342
./model.xml	obj	R_SERD_L	optimal	77.4950629151342
./model.xml	obj	R_SERt2r	optimal	77.49506291513428
./model.xml	obj	R_SERt2rpp	optimal	77.49506291513427
./model.xml	obj	R_SERtex	optimal	77.49506291513427
./model.xml	obj	R_SHCHCS	optimal	77.49506291513428
./model.xml	obj	R_SHCHCS2	optimal	77.49506291513427
./model.xml	obj	R_SHCHD2	optimal	77.49506291513427
./model.xml	obj	R_SHCHD3	optimal	77.49506291513427
./model.xml	obj	R_SHCHF	optimal	77.49506291513427
./model.xml	obj	R_SHCHF2	optimal	77.49506291513427
./model.xml	obj	R_SHK3Dr	optimal	77.49506291513427
./model.xml	obj	R_SHKK	optimal	-3.165366761258887e-15
./model.xml	obj	R_SKMt2	optimal	77.49506291513428
./model.xml	obj	R_SKMt2pp	optimal	77.49506291513428
./model.xml	obj	R_SKMtex	optimal	77.49506291513428
./model.xml	obj	R_SK_4hba_c	optimal	-7.230985333629915e-15
./model.xml	obj	R_SK_5drib_c	optimal	77.49506291513411
./model.xml	obj	R_SK_lipopb_c	optimal	77.49506291513411
./model.xml	obj	R_SK_mococdp_c	optimal	77.49506291513411
./model.xml	obj	R_SK_mththf_c	optimal	0.0
./model.xml	obj	R_SK_sheme_c	optimal	77.49506291513403
./model.xml	obj	R_SO3R	optimal	77.49506291513428
./model.xml	obj	R_SO3abcpp	optimal	77.49506291513428
./model.xml	obj	R_SO3tex	optimal	77.49506291513428
./model.xml	obj	R_SO4t2	optimal	77.48965706699218
./model.xml	obj	R_SPMDabc	optimal	77.49506291513428
./model.xml	obj	R_SPMDabcpp	optimal	77.49506291513428
./model.xml	obj	R_SPMDt3	optimal	77.49506291513428
./model.xml	obj	R_SPMDt3pp	optimal	77.49506291513428
./model.xml	obj	R_SPMS	optimal	77.49506291513428
./model.xml	obj	R_SPTc	optimal	77.49506291513428
./model.xml	obj	R_SSALx	optimal	77.49506291513428
./model.xml	obj	R_SSALy	optimal	77.49506291513428
./model.xml	obj	R_SSCOARy	optimal	77.49506291513443
./model.xml	obj	R_SUCBZL	optimal	-1.6683214526637907e-12
./model.xml	obj	R_SUCBZS	optimal	-1.6683214526637907e-12
./model.xml	obj	R_SUCCt2_2	optimal	77.49506291513424
./model.xml	obj	R_SUCCt2_2pp	optimal	77.49506291513424
./model.xml	obj	R_SUCCt2_3	optimal	77.49506291513424
./model.xml	obj	R_SUCCt2_3pp	optimal	77.49506291513424
./model.xml	obj	R_SUCCt2r	optimal	77.49506291513411
./model.xml	obj	R_SUCCt3pp	optimal	77.49506291513428
./model.xml	obj	R_SUCFUMt	optimal	77.49506291513428
./model.xml	obj	R_SUCFUMtpp	optimal	77.49506291513428
./model.xml	obj	R_SUCOAACTr	optimal	60.987055240938815
./model.xml	obj	R_SUCOAS	optimal	60.9870552409388
./model.xml	obj	R_SUCR	optimal	77.49506291513393
./model.xml	obj	R_SUCRabcpp_syn	optimal	77.49506291513393
./model.xml	obj	R_SUCRtex	optimal	77.49506291513393
./model.xml	obj	R_SUCpts	optimal	77.49506291513393
./model.xml	obj	R_SULabc	optimal	77.49506291513393
./model.xml	obj	R_St	optimal	77.49506291513443
./model.xml	obj	R_TALA	optimal	74.81746760372107
./model.xml	obj	R_TARTRDtpp	optimal	77.49506291513428
./model.xml	obj	R_TARTt2_3pp	optimal	77.49506291513428
./model.xml	obj	R_TAURabc	optimal	77.49506291513428
./model.xml	obj	R_TDP	optimal	77.49506291513428
./model.xml	obj	R_TDPDRE	optimal	77.49506291513428
./model.xml	obj	R_TDPDRR	optimal	77.49506291513428
./model.xml	obj	R_TDPDRRr	optimal	77.49506291513428
./model.xml	obj	R_TDPGDH	optimal	77.49506291513428
./model.xml	obj	R_TETDHpp2	optimal	77.49506291513428
./model.xml	obj	R_TETtex	optimal	77.49506291513428
./model.xml	obj	R_THDPS	optimal	0.0
./model.xml	obj	R_THFAT	optimal	77.4950629151341
./model.xml	obj	R_THIORDXi	optimal	77.49506291513416
./model.xml	obj	R_THRD_L	optimal	77.49506291513416
./model.xml	obj	R_THRS	optimal	77.49506291513416
./model.xml	obj	R_THRabc	optimal	77.49506291513416
./model.xml	obj	R_THRabcpp	optimal	77.49506291513416
./model.xml	obj	R_THRt2pp	optimal	77.49506291513416
./model.xml	obj	R_THRt2r	optimal	77.18019050101806
./model.xml	obj	R_THZPSN	optimal	0.0
./model.xml	obj	R_TKT1	optimal	74.81746760372137
./model.xml	obj	R_TKT2	optimal	74.81746760372137
./model.xml	obj	R_TMDK1	optimal	77.49506291513431
./model.xml	obj	R_TMDS	optimal	77.49506291513431
./model.xml	obj	R_TMDSf	optimal	77.49506291513431
./model.xml	obj	R_TMPK	optimal	1.3419565689326684e-14
./model.xml	obj	R_TMPPP	optimal	1.3419565689326684e-14
./model.xml	obj	R_TPI	optimal	70.6616176532821
./model.xml	obj	R_TRDR	optimal	77.49506291513407
./model.xml	obj	R_TRE6PH	optimal	77.49506291513407
./model.xml	obj	R_TRE6PP	optimal	77.49506291513407
./model.xml	obj	R_TRE6PS	optimal	77.49506291513407
./model.xml	obj	R_TREabc	optimal	77.49506291513407
./model.xml	obj	R_TREpts	optimal	77.49506291513407
./model.xml	obj	R_TRPS1	optimal	77.49506291513407
./model.xml	obj	R_TRPS2	optimal	77.49506291513407
./model.xml	obj	R_TRPS3	optimal	77.49506291513407
./model.xml	obj	R_TRPTA	optimal	77.49506291513428
./model.xml	obj	R_TRPt2r	optimal	77.4950629151343
./model.xml	obj	R_TSULR3e	optimal	77.49506291513428
./model.xml	obj	R_TSULabc	optimal	77.49506291513428
./model.xml	obj	R_TSULabcpp	optimal	77.49506291513428
./model.xml	obj	R_TTDCAtexi	optimal	77.49506291513428
./model.xml	obj	R_TYRTA	optimal	77.49506291513477
./model.xml	obj	R_TYRt2r	optimal	77.49506291513475
./model.xml	obj	R_TYRt2rpp	optimal	77.49506291513477
./model.xml	obj	R_TYRtex	optimal	77.49506291513477
./model.xml	obj	R_UAAGDS	optimal	-3.3564233639409666e-14
./model.xml	obj	R_UAG2EMA	optimal	77.49506291513434
./model.xml	obj	R_UAGCVT	optimal	0.0
./model.xml	obj	R_UAGDP	optimal	0.0
./model.xml	obj	R_UAGPT3	optimal	0.0
./model.xml	obj	R_UAMAGS	optimal	0.0
./model.xml	obj	R_UAMAS	optimal	0.0
./model.xml	obj	R_UAPGR	optimal	0.0
./model.xml	obj	R_UDCPAT	optimal	77.49506291513423
./model.xml	obj	R_UDCPDP	optimal	-2.975843643194522e-13
./model.xml	obj	R_UDCPGT	optimal	77.49506291513428
./model.xml	obj	R_UDCPMT	optimal	77.49506291513428
./model.xml	obj	R_UDCPRT	optimal	77.49506291513428
./model.xml	obj	R_UDPDPS	optimal	77.49506291513428
./model.xml	obj	R_UDPDPS2	optimal	77.49506291513428
./model.xml	obj	R_UDPG4E	optimal	77.49506291513428
./model.xml	obj	R_UDPGD	optimal	77.49506291513428
./model.xml	obj	R_UGLT	optimal	77.49506291513428
./model.xml	obj	R_UGMDDS	optimal	0.0
./model.xml	obj	R_UHBZ1t_pp	optimal	77.49506291513426
./model.xml	obj	R_UMPK	optimal	7.823556570515101e-13
./model.xml	obj	R_UMPtex	optimal	77.49506291513424
./model.xml	obj	R_UPP3MT	optimal	77.49506291513424
./model.xml	obj	R_UPP3S	optimal	77.49506291513424
./model.xml	obj	R_UPPDC1	optimal	77.49506291513424
./model.xml	obj	R_UPPRT	optimal	77.49506291513424
./model.xml	obj	R_URAt2	optimal	77.49506291513424
./model.xml	obj	R_URAt2pp	optimal	77.49506291513424
./model.xml	obj	R_URAtex	optimal	77.49506291513424
./model.xml	obj	R_URCN	optimal	77.49506291513426
./model.xml	obj	R_UREAt	optimal	77.49506291513426
./model.xml	obj	R_URIH	optimal	77.49506291513426
./model.xml	obj	R_URIK1	optimal	77.49506291513426
./model.xml	obj	R_URIK2	optimal	77.49506291513426
./model.xml	obj	R_URIK3	optimal	77.49506291513426
./model.xml	obj	R_URItex	optimal	77.49506291513426
./model.xml	obj	R_VALTA	optimal	77.49506291513424
./model.xml	obj	R_VALabc	optimal	77.49506291513426
./model.xml	obj	R_VALabcpp	optimal	77.49506291513426
./model.xml	obj	R_VALt2r	optimal	77.49506291513426
./model.xml	obj	R_VALt2rpp	optimal	77.49506291513426
./model.xml	obj	R_VANKpp	optimal	77.49506291513424
./model.xml	obj	R_VANLNtex	optimal	77.49506291513424
./model.xml	obj	R_VANLTtex	optimal	77.49506291513424
./model.xml	obj	R_VNLNpp	optimal	77.49506291513424
./model.xml	obj	R_VNTDM	optimal	77.49506291513424
./model.xml	obj	R_VOR1b	optimal	77.49506291513424
./model.xml	obj	R_VOR3b	optimal	77.49506291513424
./model.xml	obj	R_XANt	optimal	77.49506291513424
./model.xml	obj	R_XPPT	optimal	77.49506291513424
./model.xml	obj	R_XYLI1	optimal	77.49506291513424
./model.xml	obj	R_XYLK	optimal	77.49506291513424
./model.xml	obj	R_XYLabc	optimal	77.49506291513424
./model.xml	obj	R_ZN2abcpp	optimal	77.49506291513424
./model.xml	obj	R_ZN2t3pp	optimal	77.49506291513424
./model.xml	obj	R_ZN2t4pp	optimal	77.49506291513424
./model.xml	obj	R_ZN2tpp	optimal	77.49506291513424
./model.xml	obj	R_ZNabc	optimal	-5.593593984673473e-14
./model.xml	obj	R_ZNabcpp	optimal	77.49506291513418
