model	objective	gene	status	value
Cstr_15.xml	objective	G_lcl_CP069514_1_prot_1059	optimal	34.252233
Cstr_15.xml	objective	G_lcl_CP069514_1_prot_1390	optimal	34.252233
Cstr_15.xml	objective	G_lcl_CP069514_1_prot_1724	optimal	34.252233
Cstr_15.xml	objective	G_lcl_CP069514_1_prot_2062	optimal	34.252233
Cstr_15.xml	objective	G_lcl_CP069514_1_prot_2247	optimal	34.252233
Cstr_15.xml	objective	G_lcl_CP069514_1_prot_2248	optimal	34.252233
Cstr_15.xml	objective	G_lcl_CP069514_1_prot_2415	optimal	34.252233
Cstr_15.xml	objective	G_lcl_CP069514_1_prot_2465	optimal	34.252233
Cstr_15.xml	objective	G_lcl_CP069514_1_prot_2628	optimal	34.252233
Cstr_15.xml	objective	G_lcl_CP069514_1_prot_2633	optimal	34.252233
Cstr_15.xml	objective	G_lcl_CP069514_1_prot_2652	optimal	34.248676
Cstr_15.xml	objective	G_lcl_CP069514_1_prot_506	optimal	34.252233
Cstr_15.xml	objective	G_lcl_CP069514_1_prot_583	optimal	34.252233
Cstr_15.xml	objective	G_lcl_CP069514_1_prot_61	optimal	34.252233
Cstr_15.xml	objective	G_lcl_CP069514_1_prot_QRP17731_1_1360	optimal	34.252233
Cstr_15.xml	objective	G_lcl_CP069514_1_prot_QRP17734_1_1363	optimal	34.252233
Cstr_15.xml	objective	G_lcl_CP069514_1_prot_QRP17735_1_1364	optimal	0.0
Cstr_15.xml	objective	G_lcl_CP069514_1_prot_QRP17747_1_1378	optimal	34.252233
Cstr_15.xml	objective	G_lcl_CP069514_1_prot_QRP17751_1_1383	optimal	34.252233
Cstr_15.xml	objective	G_lcl_CP069514_1_prot_QRP17752_1_1384	optimal	34.174797
Cstr_15.xml	objective	G_lcl_CP069514_1_prot_QRP17753_1_1385	optimal	34.252233
Cstr_15.xml	objective	G_lcl_CP069514_1_prot_QRP17755_1_1387	optimal	34.252233
Cstr_15.xml	objective	G_lcl_CP069514_1_prot_QRP17757_1_1389	optimal	34.227154
Cstr_15.xml	objective	G_lcl_CP069514_1_prot_QRP17764_1_1397	optimal	34.252233
Cstr_15.xml	objective	G_lcl_CP069514_1_prot_QRP17765_1_1398	optimal	34.252233
Cstr_15.xml	objective	G_lcl_CP069514_1_prot_QRP17767_1_1400	optimal	34.252233
Cstr_15.xml	objective	G_lcl_CP069514_1_prot_QRP17773_1_1407	optimal	34.252233
Cstr_15.xml	objective	G_lcl_CP069514_1_prot_QRP17777_1_1411	optimal	34.252233
Cstr_15.xml	objective	G_lcl_CP069514_1_prot_QRP17779_1_1415	optimal	0.0
Cstr_15.xml	objective	G_lcl_CP069514_1_prot_QRP17785_1_1421	optimal	34.252233
Cstr_15.xml	objective	G_lcl_CP069514_1_prot_QRP17787_1_1424	optimal	34.252233
Cstr_15.xml	objective	G_lcl_CP069514_1_prot_QRP17788_1_1425	optimal	0.0
Cstr_15.xml	objective	G_lcl_CP069514_1_prot_QRP17789_1_1426	optimal	0.0
Cstr_15.xml	objective	G_lcl_CP069514_1_prot_QRP17790_1_1427	optimal	34.252233
Cstr_15.xml	objective	G_lcl_CP069514_1_prot_QRP17791_1_1428	optimal	34.252233
Cstr_15.xml	objective	G_lcl_CP069514_1_prot_QRP17792_1_1429	optimal	0.0
Cstr_15.xml	objective	G_lcl_CP069514_1_prot_QRP17793_1_1430	optimal	34.252233
Cstr_15.xml	objective	G_lcl_CP069514_1_prot_QRP17794_1_1431	optimal	34.252233
Cstr_15.xml	objective	G_lcl_CP069514_1_prot_QRP17797_1_1434	optimal	34.252233
Cstr_15.xml	objective	G_lcl_CP069514_1_prot_QRP17805_1_1443	optimal	34.252233
Cstr_15.xml	objective	G_lcl_CP069514_1_prot_QRP17809_1_1447	optimal	34.252233
Cstr_15.xml	objective	G_lcl_CP069514_1_prot_QRP17814_1_1452	optimal	34.252233
Cstr_15.xml	objective	G_lcl_CP069514_1_prot_QRP17817_1_1456	optimal	34.252233
Cstr_15.xml	objective	G_lcl_CP069514_1_prot_QRP17826_1_1468	optimal	34.252233
Cstr_15.xml	objective	G_lcl_CP069514_1_prot_QRP17827_1_1469	optimal	34.252233
Cstr_15.xml	objective	G_lcl_CP069514_1_prot_QRP17828_1_1470	optimal	34.252233
Cstr_15.xml	objective	G_lcl_CP069514_1_prot_QRP17830_1_1473	optimal	34.252233
Cstr_15.xml	objective	G_lcl_CP069514_1_prot_QRP17831_1_1474	optimal	34.252233
Cstr_15.xml	objective	G_lcl_CP069514_1_prot_QRP17832_1_1475	optimal	34.252233
Cstr_15.xml	objective	G_lcl_CP069514_1_prot_QRP17833_1_1476	optimal	34.252233
Cstr_15.xml	objective	G_lcl_CP069514_1_prot_QRP17834_1_1477	optimal	34.252233
Cstr_15.xml	objective	G_lcl_CP069514_1_prot_QRP17836_1_1479	optimal	34.252233
Cstr_15.xml	objective	G_lcl_CP069514_1_prot_QRP17839_1_1483	optimal	30.792539
Cstr_15.xml	objective	G_lcl_CP069514_1_prot_QRP17842_1_1486	optimal	0.0
Cstr_15.xml	objective	G_lcl_CP069514_1_prot_QRP17843_1_1487	optimal	34.252233
Cstr_15.xml	objective	G_lcl_CP069514_1_prot_QRP17847_1_1493	optimal	34.252233
Cstr_15.xml	objective	G_lcl_CP069514_1_prot_QRP17848_1_1494	optimal	34.252233
Cstr_15.xml	objective	G_lcl_CP069514_1_prot_QRP17851_1_1497	optimal	34.252233
Cstr_15.xml	objective	G_lcl_CP069514_1_prot_QRP17852_1_1498	optimal	34.252233
Cstr_15.xml	objective	G_lcl_CP069514_1_prot_QRP17857_1_1503	optimal	34.252233
Cstr_15.xml	objective	G_lcl_CP069514_1_prot_QRP17872_1_1518	optimal	34.252233
Cstr_15.xml	objective	G_lcl_CP069514_1_prot_QRP17874_1_1520	optimal	34.252233
Cstr_15.xml	objective	G_lcl_CP069514_1_prot_QRP17875_1_1521	optimal	34.252233
Cstr_15.xml	objective	G_lcl_CP069514_1_prot_QRP17876_1_1522	optimal	34.252233
Cstr_15.xml	objective	G_lcl_CP069514_1_prot_QRP17887_1_1535	optimal	0.0
Cstr_15.xml	objective	G_lcl_CP069514_1_prot_QRP17889_1_1537	optimal	34.252233
Cstr_15.xml	objective	G_lcl_CP069514_1_prot_QRP17893_1_1541	optimal	0.0
Cstr_15.xml	objective	G_lcl_CP069514_1_prot_QRP17895_1_1543	optimal	34.252233
Cstr_15.xml	objective	G_lcl_CP069514_1_prot_QRP17896_1_1544	optimal	34.252233
Cstr_15.xml	objective	G_lcl_CP069514_1_prot_QRP17898_1_1546	optimal	34.252233
Cstr_15.xml	objective	G_lcl_CP069514_1_prot_QRP17900_1_1548	optimal	34.252233
Cstr_15.xml	objective	G_lcl_CP069514_1_prot_QRP17902_1_1551	optimal	34.252233
Cstr_15.xml	objective	G_lcl_CP069514_1_prot_QRP17914_1_1565	optimal	34.252233
Cstr_15.xml	objective	G_lcl_CP069514_1_prot_QRP17918_1_1569	optimal	34.252233
Cstr_15.xml	objective	G_lcl_CP069514_1_prot_QRP17919_1_1570	optimal	0.0
Cstr_15.xml	objective	G_lcl_CP069514_1_prot_QRP17920_1_1571	optimal	34.252233
Cstr_15.xml	objective	G_lcl_CP069514_1_prot_QRP17928_1_1579	optimal	34.252233
Cstr_15.xml	objective	G_lcl_CP069514_1_prot_QRP17929_1_1580	optimal	34.252233
Cstr_15.xml	objective	G_lcl_CP069514_1_prot_QRP17930_1_1581	optimal	34.252233
Cstr_15.xml	objective	G_lcl_CP069514_1_prot_QRP17935_1_1587	optimal	34.252233
Cstr_15.xml	objective	G_lcl_CP069514_1_prot_QRP17936_1_1588	optimal	34.252233
Cstr_15.xml	objective	G_lcl_CP069514_1_prot_QRP17938_1_1591	optimal	34.252233
Cstr_15.xml	objective	G_lcl_CP069514_1_prot_QRP17939_1_1592	optimal	34.252233
Cstr_15.xml	objective	G_lcl_CP069514_1_prot_QRP17940_1_1593	optimal	34.252233
Cstr_15.xml	objective	G_lcl_CP069514_1_prot_QRP17944_1_1597	optimal	34.252233
Cstr_15.xml	objective	G_lcl_CP069514_1_prot_QRP17945_1_1598	optimal	34.252233
Cstr_15.xml	objective	G_lcl_CP069514_1_prot_QRP17946_1_1599	optimal	34.252233
Cstr_15.xml	objective	G_lcl_CP069514_1_prot_QRP17951_1_1607	optimal	34.252233
Cstr_15.xml	objective	G_lcl_CP069514_1_prot_QRP17954_1_1610	optimal	34.252233
Cstr_15.xml	objective	G_lcl_CP069514_1_prot_QRP17955_1_1611	optimal	34.252233
Cstr_15.xml	objective	G_lcl_CP069514_1_prot_QRP17956_1_1612	optimal	34.252233
Cstr_15.xml	objective	G_lcl_CP069514_1_prot_QRP17957_1_1613	optimal	34.252233
Cstr_15.xml	objective	G_lcl_CP069514_1_prot_QRP17958_1_1614	optimal	34.252233
Cstr_15.xml	objective	G_lcl_CP069514_1_prot_QRP17959_1_1615	optimal	34.252233
Cstr_15.xml	objective	G_lcl_CP069514_1_prot_QRP17965_1_1623	optimal	34.252233
Cstr_15.xml	objective	G_lcl_CP069514_1_prot_QRP17970_1_1628	optimal	34.252233
Cstr_15.xml	objective	G_lcl_CP069514_1_prot_QRP17973_1_1632	optimal	34.252233
Cstr_15.xml	objective	G_lcl_CP069514_1_prot_QRP17974_1_1633	optimal	34.252233
Cstr_15.xml	objective	G_lcl_CP069514_1_prot_QRP17981_1_1640	optimal	34.252233
Cstr_15.xml	objective	G_lcl_CP069514_1_prot_QRP17982_1_1641	optimal	34.252233
Cstr_15.xml	objective	G_lcl_CP069514_1_prot_QRP17984_1_1643	optimal	34.252233
Cstr_15.xml	objective	G_lcl_CP069514_1_prot_QRP17985_1_1645	optimal	34.252233
Cstr_15.xml	objective	G_lcl_CP069514_1_prot_QRP18001_1_1664	optimal	34.252233
Cstr_15.xml	objective	G_lcl_CP069514_1_prot_QRP18002_1_1666	optimal	34.252233
Cstr_15.xml	objective	G_lcl_CP069514_1_prot_QRP18005_1_1670	optimal	34.252233
Cstr_15.xml	objective	G_lcl_CP069514_1_prot_QRP18009_1_1674	optimal	34.252233
Cstr_15.xml	objective	G_lcl_CP069514_1_prot_QRP18010_1_1675	optimal	34.252233
Cstr_15.xml	objective	G_lcl_CP069514_1_prot_QRP18012_1_1678	optimal	34.252233
Cstr_15.xml	objective	G_lcl_CP069514_1_prot_QRP18016_1_1682	optimal	0.0
Cstr_15.xml	objective	G_lcl_CP069514_1_prot_QRP18019_1_1686	optimal	34.252233
Cstr_15.xml	objective	G_lcl_CP069514_1_prot_QRP18020_1_1688	optimal	34.252233
Cstr_15.xml	objective	G_lcl_CP069514_1_prot_QRP18024_1_1694	optimal	34.252233
Cstr_15.xml	objective	G_lcl_CP069514_1_prot_QRP18030_1_1700	optimal	34.252233
Cstr_15.xml	objective	G_lcl_CP069514_1_prot_QRP18039_1_1709	optimal	0.0
Cstr_15.xml	objective	G_lcl_CP069514_1_prot_QRP18040_1_1710	optimal	34.252233
Cstr_15.xml	objective	G_lcl_CP069514_1_prot_QRP18047_1_1718	optimal	34.252233
Cstr_15.xml	objective	G_lcl_CP069514_1_prot_QRP18048_1_1721	optimal	34.252233
Cstr_15.xml	objective	G_lcl_CP069514_1_prot_QRP18060_1_1738	optimal	34.252233
Cstr_15.xml	objective	G_lcl_CP069514_1_prot_QRP18062_1_1740	optimal	0.0
Cstr_15.xml	objective	G_lcl_CP069514_1_prot_QRP18063_1_1741	optimal	0.0
Cstr_15.xml	objective	G_lcl_CP069514_1_prot_QRP18064_1_1742	optimal	34.252233
Cstr_15.xml	objective	G_lcl_CP069514_1_prot_QRP18065_1_1744	optimal	34.252233
Cstr_15.xml	objective	G_lcl_CP069514_1_prot_QRP18068_1_1748	optimal	34.252233
Cstr_15.xml	objective	G_lcl_CP069514_1_prot_QRP18069_1_1749	optimal	34.252233
Cstr_15.xml	objective	G_lcl_CP069514_1_prot_QRP18073_1_1753	optimal	34.252233
Cstr_15.xml	objective	G_lcl_CP069514_1_prot_QRP18074_1_1754	optimal	34.252233
Cstr_15.xml	objective	G_lcl_CP069514_1_prot_QRP18075_1_1755	optimal	0.0
Cstr_15.xml	objective	G_lcl_CP069514_1_prot_QRP18083_1_1763	optimal	34.252233
Cstr_15.xml	objective	G_lcl_CP069514_1_prot_QRP18090_1_1772	optimal	34.252233
Cstr_15.xml	objective	G_lcl_CP069514_1_prot_QRP18091_1_1773	optimal	34.252233
Cstr_15.xml	objective	G_lcl_CP069514_1_prot_QRP18092_1_1774	optimal	34.252233
Cstr_15.xml	objective	G_lcl_CP069514_1_prot_QRP18093_1_1775	optimal	34.252233
Cstr_15.xml	objective	G_lcl_CP069514_1_prot_QRP18094_1_1776	optimal	34.252233
Cstr_15.xml	objective	G_lcl_CP069514_1_prot_QRP18096_1_1778	optimal	34.252233
Cstr_15.xml	objective	G_lcl_CP069514_1_prot_QRP18097_1_1779	optimal	34.252233
Cstr_15.xml	objective	G_lcl_CP069514_1_prot_QRP18100_1_1783	optimal	34.252233
Cstr_15.xml	objective	G_lcl_CP069514_1_prot_QRP18103_1_1786	optimal	0.0
Cstr_15.xml	objective	G_lcl_CP069514_1_prot_QRP18105_1_1788	optimal	34.251638
Cstr_15.xml	objective	G_lcl_CP069514_1_prot_QRP18107_1_1790	optimal	34.252233
Cstr_15.xml	objective	G_lcl_CP069514_1_prot_QRP18111_1_1796	optimal	0.0
Cstr_15.xml	objective	G_lcl_CP069514_1_prot_QRP18112_1_1797	optimal	34.252233
Cstr_15.xml	objective	G_lcl_CP069514_1_prot_QRP18113_1_1798	optimal	34.252233
Cstr_15.xml	objective	G_lcl_CP069514_1_prot_QRP18115_1_1800	optimal	26.517858
Cstr_15.xml	objective	G_lcl_CP069514_1_prot_QRP18116_1_1801	optimal	34.252233
Cstr_15.xml	objective	G_lcl_CP069514_1_prot_QRP18136_1_1827	optimal	34.252233
Cstr_15.xml	objective	G_lcl_CP069514_1_prot_QRP18137_1_1828	optimal	34.252233
Cstr_15.xml	objective	G_lcl_CP069514_1_prot_QRP18139_1_1830	optimal	0.0
Cstr_15.xml	objective	G_lcl_CP069514_1_prot_QRP18141_1_1832	optimal	34.252233
Cstr_15.xml	objective	G_lcl_CP069514_1_prot_QRP18142_1_1833	optimal	34.252233
Cstr_15.xml	objective	G_lcl_CP069514_1_prot_QRP18145_1_1836	optimal	34.252233
Cstr_15.xml	objective	G_lcl_CP069514_1_prot_QRP18166_1_1860	optimal	34.252233
Cstr_15.xml	objective	G_lcl_CP069514_1_prot_QRP18167_1_1861	optimal	34.252233
Cstr_15.xml	objective	G_lcl_CP069514_1_prot_QRP18168_1_1862	optimal	34.252233
Cstr_15.xml	objective	G_lcl_CP069514_1_prot_QRP18169_1_1863	optimal	34.252233
Cstr_15.xml	objective	G_lcl_CP069514_1_prot_QRP18170_1_1864	optimal	34.252233
Cstr_15.xml	objective	G_lcl_CP069514_1_prot_QRP18171_1_1865	optimal	34.252233
Cstr_15.xml	objective	G_lcl_CP069514_1_prot_QRP18173_1_1867	optimal	34.252233
Cstr_15.xml	objective	G_lcl_CP069514_1_prot_QRP18175_1_1870	optimal	34.252233
Cstr_15.xml	objective	G_lcl_CP069514_1_prot_QRP18181_1_1878	optimal	34.252233
Cstr_15.xml	objective	G_lcl_CP069514_1_prot_QRP18182_1_1879	optimal	34.252233
Cstr_15.xml	objective	G_lcl_CP069514_1_prot_QRP18185_1_1882	optimal	34.252233
Cstr_15.xml	objective	G_lcl_CP069514_1_prot_QRP18188_1_1885	optimal	34.252233
Cstr_15.xml	objective	G_lcl_CP069514_1_prot_QRP18193_1_1890	optimal	34.252233
Cstr_15.xml	objective	G_lcl_CP069514_1_prot_QRP18205_1_1903	optimal	34.252233
Cstr_15.xml	objective	G_lcl_CP069514_1_prot_QRP18206_1_1904	optimal	34.252233
Cstr_15.xml	objective	G_lcl_CP069514_1_prot_QRP18209_1_1908	optimal	34.075619
Cstr_15.xml	objective	G_lcl_CP069514_1_prot_QRP18210_1_1909	optimal	34.252233
Cstr_15.xml	objective	G_lcl_CP069514_1_prot_QRP18212_1_1911	optimal	34.252233
Cstr_15.xml	objective	G_lcl_CP069514_1_prot_QRP18214_1_1913	optimal	34.252233
Cstr_15.xml	objective	G_lcl_CP069514_1_prot_QRP18215_1_1914	optimal	15.46883
Cstr_15.xml	objective	G_lcl_CP069514_1_prot_QRP18216_1_1915	optimal	34.252233
Cstr_15.xml	objective	G_lcl_CP069514_1_prot_QRP18222_1_1921	optimal	0.0
Cstr_15.xml	objective	G_lcl_CP069514_1_prot_QRP18223_1_1922	optimal	0.0
Cstr_15.xml	objective	G_lcl_CP069514_1_prot_QRP18224_1_1923	optimal	0.0
Cstr_15.xml	objective	G_lcl_CP069514_1_prot_QRP18225_1_1924	optimal	34.252233
Cstr_15.xml	objective	G_lcl_CP069514_1_prot_QRP18226_1_1925	optimal	34.075619
Cstr_15.xml	objective	G_lcl_CP069514_1_prot_QRP18231_1_1930	optimal	0.0
Cstr_15.xml	objective	G_lcl_CP069514_1_prot_QRP18233_1_1933	optimal	0.0
Cstr_15.xml	objective	G_lcl_CP069514_1_prot_QRP18235_1_1935	optimal	34.252233
Cstr_15.xml	objective	G_lcl_CP069514_1_prot_QRP18236_1_1936	optimal	34.252233
Cstr_15.xml	objective	G_lcl_CP069514_1_prot_QRP18237_1_1937	optimal	34.252233
Cstr_15.xml	objective	G_lcl_CP069514_1_prot_QRP18238_1_1938	optimal	34.252233
Cstr_15.xml	objective	G_lcl_CP069514_1_prot_QRP18239_1_1939	optimal	34.252233
Cstr_15.xml	objective	G_lcl_CP069514_1_prot_QRP18240_1_1940	optimal	34.252233
Cstr_15.xml	objective	G_lcl_CP069514_1_prot_QRP18246_1_1947	optimal	0.0
Cstr_15.xml	objective	G_lcl_CP069514_1_prot_QRP18251_1_1953	optimal	34.252233
Cstr_15.xml	objective	G_lcl_CP069514_1_prot_QRP18253_1_1955	optimal	34.252233
Cstr_15.xml	objective	G_lcl_CP069514_1_prot_QRP18254_1_1956	optimal	34.252233
Cstr_15.xml	objective	G_lcl_CP069514_1_prot_QRP18255_1_1957	optimal	34.252233
Cstr_15.xml	objective	G_lcl_CP069514_1_prot_QRP18257_1_1959	optimal	34.252233
Cstr_15.xml	objective	G_lcl_CP069514_1_prot_QRP18258_1_1960	optimal	34.252233
Cstr_15.xml	objective	G_lcl_CP069514_1_prot_QRP18275_1_1980	optimal	34.252233
Cstr_15.xml	objective	G_lcl_CP069514_1_prot_QRP18278_1_1983	optimal	34.252233
Cstr_15.xml	objective	G_lcl_CP069514_1_prot_QRP18279_1_1985	optimal	34.252233
Cstr_15.xml	objective	G_lcl_CP069514_1_prot_QRP18280_1_1986	optimal	34.252233
Cstr_15.xml	objective	G_lcl_CP069514_1_prot_QRP18283_1_1989	optimal	0.0
Cstr_15.xml	objective	G_lcl_CP069514_1_prot_QRP18287_1_1993	optimal	34.252233
Cstr_15.xml	objective	G_lcl_CP069514_1_prot_QRP18288_1_1994	optimal	34.252233
Cstr_15.xml	objective	G_lcl_CP069514_1_prot_QRP18289_1_1995	optimal	34.252233
Cstr_15.xml	objective	G_lcl_CP069514_1_prot_QRP18303_1_2013	optimal	34.252233
Cstr_15.xml	objective	G_lcl_CP069514_1_prot_QRP18304_1_2014	optimal	34.252233
Cstr_15.xml	objective	G_lcl_CP069514_1_prot_QRP18305_1_2015	optimal	34.252233
Cstr_15.xml	objective	G_lcl_CP069514_1_prot_QRP18307_1_2017	optimal	34.252233
Cstr_15.xml	objective	G_lcl_CP069514_1_prot_QRP18313_1_2024	optimal	34.252233
Cstr_15.xml	objective	G_lcl_CP069514_1_prot_QRP18314_1_2025	optimal	34.251867
Cstr_15.xml	objective	G_lcl_CP069514_1_prot_QRP18316_1_2027	optimal	34.252233
Cstr_15.xml	objective	G_lcl_CP069514_1_prot_QRP18318_1_2029	optimal	30.898805
Cstr_15.xml	objective	G_lcl_CP069514_1_prot_QRP18321_1_2032	optimal	34.252233
Cstr_15.xml	objective	G_lcl_CP069514_1_prot_QRP18325_1_2037	optimal	34.252233
Cstr_15.xml	objective	G_lcl_CP069514_1_prot_QRP18346_1_2061	optimal	34.252233
Cstr_15.xml	objective	G_lcl_CP069514_1_prot_QRP18358_1_2074	optimal	34.252233
Cstr_15.xml	objective	G_lcl_CP069514_1_prot_QRP18362_1_2078	optimal	34.252233
Cstr_15.xml	objective	G_lcl_CP069514_1_prot_QRP18364_1_2080	optimal	34.252233
Cstr_15.xml	objective	G_lcl_CP069514_1_prot_QRP18371_1_2087	optimal	34.252233
Cstr_15.xml	objective	G_lcl_CP069514_1_prot_QRP18372_1_2088	optimal	34.252233
Cstr_15.xml	objective	G_lcl_CP069514_1_prot_QRP18373_1_2089	optimal	34.252233
Cstr_15.xml	objective	G_lcl_CP069514_1_prot_QRP18374_1_2090	optimal	34.252233
Cstr_15.xml	objective	G_lcl_CP069514_1_prot_QRP18375_1_2091	optimal	34.252233
Cstr_15.xml	objective	G_lcl_CP069514_1_prot_QRP18379_1_2096	optimal	34.252233
Cstr_15.xml	objective	G_lcl_CP069514_1_prot_QRP18380_1_2097	optimal	34.252233
Cstr_15.xml	objective	G_lcl_CP069514_1_prot_QRP18382_1_2099	optimal	34.252233
Cstr_15.xml	objective	G_lcl_CP069514_1_prot_QRP18383_1_2100	optimal	34.252233
Cstr_15.xml	objective	G_lcl_CP069514_1_prot_QRP18384_1_2101	optimal	34.252233
Cstr_15.xml	objective	G_lcl_CP069514_1_prot_QRP18386_1_2103	optimal	27.320244
Cstr_15.xml	objective	G_lcl_CP069514_1_prot_QRP18387_1_2104	optimal	34.252233
Cstr_15.xml	objective	G_lcl_CP069514_1_prot_QRP18388_1_2105	optimal	34.252233
Cstr_15.xml	objective	G_lcl_CP069514_1_prot_QRP18389_1_2106	optimal	34.252233
Cstr_15.xml	objective	G_lcl_CP069514_1_prot_QRP18398_1_2116	optimal	34.252233
Cstr_15.xml	objective	G_lcl_CP069514_1_prot_QRP18403_1_2122	optimal	34.252233
Cstr_15.xml	objective	G_lcl_CP069514_1_prot_QRP18404_1_2123	optimal	34.252233
Cstr_15.xml	objective	G_lcl_CP069514_1_prot_QRP18405_1_2125	optimal	34.252233
Cstr_15.xml	objective	G_lcl_CP069514_1_prot_QRP18407_1_2127	optimal	34.252233
Cstr_15.xml	objective	G_lcl_CP069514_1_prot_QRP18409_1_2129	optimal	0.0
Cstr_15.xml	objective	G_lcl_CP069514_1_prot_QRP18411_1_2132	optimal	34.252233
Cstr_15.xml	objective	G_lcl_CP069514_1_prot_QRP18417_1_2139	optimal	34.252233
Cstr_15.xml	objective	G_lcl_CP069514_1_prot_QRP18424_1_2146	optimal	34.252233
Cstr_15.xml	objective	G_lcl_CP069514_1_prot_QRP18430_1_2153	optimal	34.252233
Cstr_15.xml	objective	G_lcl_CP069514_1_prot_QRP18431_1_2154	optimal	34.252233
Cstr_15.xml	objective	G_lcl_CP069514_1_prot_QRP18432_1_2155	optimal	34.252233
Cstr_15.xml	objective	G_lcl_CP069514_1_prot_QRP18433_1_2156	optimal	34.252233
Cstr_15.xml	objective	G_lcl_CP069514_1_prot_QRP18434_1_2157	optimal	34.252233
Cstr_15.xml	objective	G_lcl_CP069514_1_prot_QRP18439_1_2163	optimal	34.252233
Cstr_15.xml	objective	G_lcl_CP069514_1_prot_QRP18447_1_2173	optimal	34.252052
Cstr_15.xml	objective	G_lcl_CP069514_1_prot_QRP18449_1_2176	optimal	34.252233
Cstr_15.xml	objective	G_lcl_CP069514_1_prot_QRP18453_1_2180	optimal	34.252233
Cstr_15.xml	objective	G_lcl_CP069514_1_prot_QRP18455_1_2182	optimal	34.252233
Cstr_15.xml	objective	G_lcl_CP069514_1_prot_QRP18457_1_2185	optimal	34.252233
Cstr_15.xml	objective	G_lcl_CP069514_1_prot_QRP18459_1_2187	optimal	34.252233
Cstr_15.xml	objective	G_lcl_CP069514_1_prot_QRP18464_1_2192	optimal	34.252233
Cstr_15.xml	objective	G_lcl_CP069514_1_prot_QRP18465_1_2195	optimal	34.252233
Cstr_15.xml	objective	G_lcl_CP069514_1_prot_QRP18466_1_2197	optimal	34.252233
Cstr_15.xml	objective	G_lcl_CP069514_1_prot_QRP18469_1_2201	optimal	34.252233
Cstr_15.xml	objective	G_lcl_CP069514_1_prot_QRP18474_1_2206	optimal	34.252233
Cstr_15.xml	objective	G_lcl_CP069514_1_prot_QRP18475_1_2207	optimal	0.0
Cstr_15.xml	objective	G_lcl_CP069514_1_prot_QRP18480_1_2213	optimal	34.252233
Cstr_15.xml	objective	G_lcl_CP069514_1_prot_QRP18487_1_2220	optimal	34.252233
Cstr_15.xml	objective	G_lcl_CP069514_1_prot_QRP18488_1_2221	optimal	34.167754
Cstr_15.xml	objective	G_lcl_CP069514_1_prot_QRP18489_1_2222	optimal	0.0
Cstr_15.xml	objective	G_lcl_CP069514_1_prot_QRP18490_1_2224	optimal	0.0
Cstr_15.xml	objective	G_lcl_CP069514_1_prot_QRP18492_1_2226	optimal	34.252233
Cstr_15.xml	objective	G_lcl_CP069514_1_prot_QRP18502_1_2238	optimal	18.783462
Cstr_15.xml	objective	G_lcl_CP069514_1_prot_QRP18505_1_2241	optimal	34.252233
Cstr_15.xml	objective	G_lcl_CP069514_1_prot_QRP18506_1_2242	optimal	34.252233
Cstr_15.xml	objective	G_lcl_CP069514_1_prot_QRP18510_1_2249	optimal	34.252233
Cstr_15.xml	objective	G_lcl_CP069514_1_prot_QRP18514_1_2254	optimal	34.252233
Cstr_15.xml	objective	G_lcl_CP069514_1_prot_QRP18516_1_2256	optimal	0.0
Cstr_15.xml	objective	G_lcl_CP069514_1_prot_QRP18517_1_2257	optimal	0.0
Cstr_15.xml	objective	G_lcl_CP069514_1_prot_QRP18521_1_2262	optimal	34.252233
Cstr_15.xml	objective	G_lcl_CP069514_1_prot_QRP18522_1_2263	optimal	34.252233
Cstr_15.xml	objective	G_lcl_CP069514_1_prot_QRP18523_1_2264	optimal	34.252233
Cstr_15.xml	objective	G_lcl_CP069514_1_prot_QRP18535_1_2278	optimal	34.252233
Cstr_15.xml	objective	G_lcl_CP069514_1_prot_QRP18536_1_2279	optimal	34.252233
Cstr_15.xml	objective	G_lcl_CP069514_1_prot_QRP18540_1_2284	optimal	34.252233
Cstr_15.xml	objective	G_lcl_CP069514_1_prot_QRP18542_1_2286	optimal	0.0
Cstr_15.xml	objective	G_lcl_CP069514_1_prot_QRP18548_1_2292	optimal	34.252233
Cstr_15.xml	objective	G_lcl_CP069514_1_prot_QRP18557_1_2303	optimal	34.252233
Cstr_15.xml	objective	G_lcl_CP069514_1_prot_QRP18558_1_2304	optimal	34.252233
Cstr_15.xml	objective	G_lcl_CP069514_1_prot_QRP18564_1_2311	optimal	34.252233
Cstr_15.xml	objective	G_lcl_CP069514_1_prot_QRP18581_1_2329	optimal	34.252233
Cstr_15.xml	objective	G_lcl_CP069514_1_prot_QRP18582_1_2330	optimal	34.252233
Cstr_15.xml	objective	G_lcl_CP069514_1_prot_QRP18589_1_2337	optimal	34.252233
Cstr_15.xml	objective	G_lcl_CP069514_1_prot_QRP18591_1_2339	optimal	34.252233
Cstr_15.xml	objective	G_lcl_CP069514_1_prot_QRP18593_1_2341	optimal	30.792539
Cstr_15.xml	objective	G_lcl_CP069514_1_prot_QRP18599_1_2348	optimal	0.0
Cstr_15.xml	objective	G_lcl_CP069514_1_prot_QRP18600_1_2349	optimal	0.0
Cstr_15.xml	objective	G_lcl_CP069514_1_prot_QRP18601_1_2350	optimal	0.0
Cstr_15.xml	objective	G_lcl_CP069514_1_prot_QRP18605_1_2354	optimal	34.252233
Cstr_15.xml	objective	G_lcl_CP069514_1_prot_QRP18609_1_2358	optimal	34.252233
Cstr_15.xml	objective	G_lcl_CP069514_1_prot_QRP18610_1_2359	optimal	34.252233
Cstr_15.xml	objective	G_lcl_CP069514_1_prot_QRP18617_1_2366	optimal	34.251546
Cstr_15.xml	objective	G_lcl_CP069514_1_prot_QRP18619_1_2368	optimal	34.252233
Cstr_15.xml	objective	G_lcl_CP069514_1_prot_QRP18621_1_2370	optimal	34.252233
Cstr_15.xml	objective	G_lcl_CP069514_1_prot_QRP18622_1_2371	optimal	34.252195
Cstr_15.xml	objective	G_lcl_CP069514_1_prot_QRP18626_1_2375	optimal	32.704333
Cstr_15.xml	objective	G_lcl_CP069514_1_prot_QRP18635_1_2385	optimal	34.252233
Cstr_15.xml	objective	G_lcl_CP069514_1_prot_QRP18639_1_2391	optimal	34.252233
Cstr_15.xml	objective	G_lcl_CP069514_1_prot_QRP18640_1_2392	optimal	34.252233
Cstr_15.xml	objective	G_lcl_CP069514_1_prot_QRP18641_1_2393	optimal	34.252233
Cstr_15.xml	objective	G_lcl_CP069514_1_prot_QRP18643_1_2395	optimal	34.252233
Cstr_15.xml	objective	G_lcl_CP069514_1_prot_QRP18644_1_2396	optimal	34.25117
Cstr_15.xml	objective	G_lcl_CP069514_1_prot_QRP18645_1_2397	optimal	34.252233
Cstr_15.xml	objective	G_lcl_CP069514_1_prot_QRP18647_1_2400	optimal	34.252233
Cstr_15.xml	objective	G_lcl_CP069514_1_prot_QRP18651_1_2404	optimal	34.252233
Cstr_15.xml	objective	G_lcl_CP069514_1_prot_QRP18653_1_2406	optimal	34.252233
Cstr_15.xml	objective	G_lcl_CP069514_1_prot_QRP18654_1_2407	optimal	34.252233
Cstr_15.xml	objective	G_lcl_CP069514_1_prot_QRP18656_1_2410	optimal	30.792539
Cstr_15.xml	objective	G_lcl_CP069514_1_prot_QRP18658_1_2414	optimal	34.252233
Cstr_15.xml	objective	G_lcl_CP069514_1_prot_QRP18659_1_2416	optimal	34.252233
Cstr_15.xml	objective	G_lcl_CP069514_1_prot_QRP18667_1_2426	optimal	34.252233
Cstr_15.xml	objective	G_lcl_CP069514_1_prot_QRP18681_1_2443	optimal	0.0
Cstr_15.xml	objective	G_lcl_CP069514_1_prot_QRP18682_1_2444	optimal	34.252233
Cstr_15.xml	objective	G_lcl_CP069514_1_prot_QRP18688_1_2454	optimal	0.0
Cstr_15.xml	objective	G_lcl_CP069514_1_prot_QRP18692_1_2459	optimal	34.252233
Cstr_15.xml	objective	G_lcl_CP069514_1_prot_QRP18693_1_2461	optimal	34.252233
Cstr_15.xml	objective	G_lcl_CP069514_1_prot_QRP18695_1_2463	optimal	34.252233
Cstr_15.xml	objective	G_lcl_CP069514_1_prot_QRP18697_1_2466	optimal	34.252233
Cstr_15.xml	objective	G_lcl_CP069514_1_prot_QRP18698_1_2467	optimal	34.252233
Cstr_15.xml	objective	G_lcl_CP069514_1_prot_QRP18702_1_2472	optimal	34.252233
Cstr_15.xml	objective	G_lcl_CP069514_1_prot_QRP18707_1_2477	optimal	34.252233
Cstr_15.xml	objective	G_lcl_CP069514_1_prot_QRP18711_1_2481	optimal	34.252233
Cstr_15.xml	objective	G_lcl_CP069514_1_prot_QRP18713_1_2483	optimal	33.917004
Cstr_15.xml	objective	G_lcl_CP069514_1_prot_QRP18714_1_2484	optimal	34.252233
Cstr_15.xml	objective	G_lcl_CP069514_1_prot_QRP18715_1_2485	optimal	34.197524
Cstr_15.xml	objective	G_lcl_CP069514_1_prot_QRP18716_1_2486	optimal	34.252233
Cstr_15.xml	objective	G_lcl_CP069514_1_prot_QRP18717_1_2487	optimal	34.187891
Cstr_15.xml	objective	G_lcl_CP069514_1_prot_QRP18723_1_2493	optimal	34.252233
Cstr_15.xml	objective	G_lcl_CP069514_1_prot_QRP18727_1_2498	optimal	34.252233
Cstr_15.xml	objective	G_lcl_CP069514_1_prot_QRP18729_1_2501	optimal	34.252233
Cstr_15.xml	objective	G_lcl_CP069514_1_prot_QRP18730_1_2502	optimal	34.252233
Cstr_15.xml	objective	G_lcl_CP069514_1_prot_QRP18734_1_2508	optimal	34.252233
Cstr_15.xml	objective	G_lcl_CP069514_1_prot_QRP18736_1_2510	optimal	34.252233
Cstr_15.xml	objective	G_lcl_CP069514_1_prot_QRP18748_1_2531	optimal	34.252233
Cstr_15.xml	objective	G_lcl_CP069514_1_prot_QRP18751_1_2534	optimal	34.252233
Cstr_15.xml	objective	G_lcl_CP069514_1_prot_QRP18753_1_2537	optimal	34.252233
Cstr_15.xml	objective	G_lcl_CP069514_1_prot_QRP18756_1_2540	optimal	34.252233
Cstr_15.xml	objective	G_lcl_CP069514_1_prot_QRP18757_1_2541	optimal	34.252233
Cstr_15.xml	objective	G_lcl_CP069514_1_prot_QRP18760_1_2545	optimal	34.252233
Cstr_15.xml	objective	G_lcl_CP069514_1_prot_QRP18761_1_2546	optimal	34.252233
Cstr_15.xml	objective	G_lcl_CP069514_1_prot_QRP18762_1_2547	optimal	34.252233
Cstr_15.xml	objective	G_lcl_CP069514_1_prot_QRP18764_1_2549	optimal	34.252233
Cstr_15.xml	objective	G_lcl_CP069514_1_prot_QRP18771_1_2556	optimal	34.252233
Cstr_15.xml	objective	G_lcl_CP069514_1_prot_QRP18772_1_2557	optimal	34.252233
Cstr_15.xml	objective	G_lcl_CP069514_1_prot_QRP18776_1_2562	optimal	34.252233
Cstr_15.xml	objective	G_lcl_CP069514_1_prot_QRP18777_1_2563	optimal	34.252233
Cstr_15.xml	objective	G_lcl_CP069514_1_prot_QRP18778_1_2564	optimal	34.252233
Cstr_15.xml	objective	G_lcl_CP069514_1_prot_QRP18779_1_2565	optimal	34.252233
Cstr_15.xml	objective	G_lcl_CP069514_1_prot_QRP18784_1_2570	optimal	34.252233
Cstr_15.xml	objective	G_lcl_CP069514_1_prot_QRP18785_1_2571	optimal	34.252233
Cstr_15.xml	objective	G_lcl_CP069514_1_prot_QRP18786_1_2573	optimal	30.792539
Cstr_15.xml	objective	G_lcl_CP069514_1_prot_QRP18789_1_2576	optimal	34.252233
Cstr_15.xml	objective	G_lcl_CP069514_1_prot_QRP18790_1_2577	optimal	34.252233
Cstr_15.xml	objective	G_lcl_CP069514_1_prot_QRP18793_1_2580	optimal	34.252233
Cstr_15.xml	objective	G_lcl_CP069514_1_prot_QRP18796_1_2583	optimal	34.252233
Cstr_15.xml	objective	G_lcl_CP069514_1_prot_QRP18801_1_2588	optimal	34.252233
Cstr_15.xml	objective	G_lcl_CP069514_1_prot_QRP18802_1_2589	optimal	34.252233
Cstr_15.xml	objective	G_lcl_CP069514_1_prot_QRP18804_1_2591	optimal	34.252233
Cstr_15.xml	objective	G_lcl_CP069514_1_prot_QRP18807_1_2594	optimal	34.252233
Cstr_15.xml	objective	G_lcl_CP069514_1_prot_QRP18808_1_2595	optimal	34.252233
Cstr_15.xml	objective	G_lcl_CP069514_1_prot_QRP18809_1_2596	optimal	34.252233
Cstr_15.xml	objective	G_lcl_CP069514_1_prot_QRP18812_1_2600	optimal	34.252233
Cstr_15.xml	objective	G_lcl_CP069514_1_prot_QRP18813_1_2602	optimal	34.252233
Cstr_15.xml	objective	G_lcl_CP069514_1_prot_QRP18817_1_2608	optimal	34.252233
Cstr_15.xml	objective	G_lcl_CP069514_1_prot_QRP18824_1_2615	optimal	34.252233
Cstr_15.xml	objective	G_lcl_CP069514_1_prot_QRP18826_1_2617	optimal	34.252233
Cstr_15.xml	objective	G_lcl_CP069514_1_prot_QRP18828_1_2619	optimal	34.252233
Cstr_15.xml	objective	G_lcl_CP069514_1_prot_QRP18830_1_2621	optimal	34.252233
Cstr_15.xml	objective	G_lcl_CP069514_1_prot_QRP18841_1_2634	optimal	0.0
Cstr_15.xml	objective	G_lcl_CP069514_1_prot_QRP18842_1_2636	optimal	34.252233
Cstr_15.xml	objective	G_lcl_CP069514_1_prot_QRP18850_1_2644	optimal	34.252233
Cstr_15.xml	objective	G_lcl_CP069514_1_prot_QRP18852_1_2646	optimal	34.252233
Cstr_15.xml	objective	G_lcl_CP069514_1_prot_QRP18853_1_2647	optimal	34.252233
Cstr_15.xml	objective	G_lcl_CP069514_1_prot_QRP18855_1_2649	optimal	34.252144
Cstr_15.xml	objective	G_lcl_CP069514_1_prot_QRP18866_1_2662	optimal	34.252233
Cstr_15.xml	objective	G_lcl_CP069514_1_prot_QRP18867_1_2664	optimal	34.252233
Cstr_15.xml	objective	G_lcl_CP069514_1_prot_QRP18874_1_2673	optimal	34.252233
Cstr_15.xml	objective	G_lcl_CP069514_1_prot_QRP18875_1_2674	optimal	34.252233
Cstr_15.xml	objective	G_lcl_CP069514_1_prot_QRP18878_1_2677	optimal	34.252233
Cstr_15.xml	objective	G_lcl_CP069514_1_prot_QRP18880_1_2681	optimal	34.252233
Cstr_15.xml	objective	G_lcl_CP069514_1_prot_QRP18881_1_2684	optimal	34.252233
Cstr_15.xml	objective	G_lcl_CP069514_1_prot_QRP18882_1_2685	optimal	34.252233
Cstr_15.xml	objective	G_lcl_CP069514_1_prot_QRP18891_1_2696	optimal	34.252233
Cstr_15.xml	objective	G_lcl_CP069514_1_prot_QRP18897_1_3	optimal	34.252233
Cstr_15.xml	objective	G_lcl_CP069514_1_prot_QRP18898_1_4	optimal	34.252233
Cstr_15.xml	objective	G_lcl_CP069514_1_prot_QRP18902_1_8	optimal	0.0
Cstr_15.xml	objective	G_lcl_CP069514_1_prot_QRP18926_1_37	optimal	34.252233
Cstr_15.xml	objective	G_lcl_CP069514_1_prot_QRP18935_1_46	optimal	34.252233
Cstr_15.xml	objective	G_lcl_CP069514_1_prot_QRP18936_1_47	optimal	0.0
Cstr_15.xml	objective	G_lcl_CP069514_1_prot_QRP18945_1_56	optimal	34.252233
Cstr_15.xml	objective	G_lcl_CP069514_1_prot_QRP18947_1_58	optimal	34.251701
Cstr_15.xml	objective	G_lcl_CP069514_1_prot_QRP18954_1_68	optimal	34.252233
Cstr_15.xml	objective	G_lcl_CP069514_1_prot_QRP18955_1_69	optimal	34.252233
Cstr_15.xml	objective	G_lcl_CP069514_1_prot_QRP18976_1_91	optimal	34.252233
Cstr_15.xml	objective	G_lcl_CP069514_1_prot_QRP18977_1_92	optimal	34.252233
Cstr_15.xml	objective	G_lcl_CP069514_1_prot_QRP18980_1_95	optimal	34.252233
Cstr_15.xml	objective	G_lcl_CP069514_1_prot_QRP18983_1_99	optimal	34.250971
Cstr_15.xml	objective	G_lcl_CP069514_1_prot_QRP18984_1_100	optimal	34.250971
Cstr_15.xml	objective	G_lcl_CP069514_1_prot_QRP19003_1_122	optimal	34.252233
Cstr_15.xml	objective	G_lcl_CP069514_1_prot_QRP19005_1_124	optimal	34.252233
Cstr_15.xml	objective	G_lcl_CP069514_1_prot_QRP19018_1_139	optimal	34.252233
Cstr_15.xml	objective	G_lcl_CP069514_1_prot_QRP19021_1_142	optimal	0.0
Cstr_15.xml	objective	G_lcl_CP069514_1_prot_QRP19024_1_145	optimal	0.0
Cstr_15.xml	objective	G_lcl_CP069514_1_prot_QRP19025_1_146	optimal	34.252233
Cstr_15.xml	objective	G_lcl_CP069514_1_prot_QRP19026_1_147	optimal	34.252233
Cstr_15.xml	objective	G_lcl_CP069514_1_prot_QRP19028_1_151	optimal	34.252233
Cstr_15.xml	objective	G_lcl_CP069514_1_prot_QRP19029_1_153	optimal	34.252233
Cstr_15.xml	objective	G_lcl_CP069514_1_prot_QRP19030_1_154	optimal	0.0
Cstr_15.xml	objective	G_lcl_CP069514_1_prot_QRP19031_1_156	optimal	0.0
Cstr_15.xml	objective	G_lcl_CP069514_1_prot_QRP19040_1_168	optimal	34.252233
Cstr_15.xml	objective	G_lcl_CP069514_1_prot_QRP19041_1_169	optimal	34.252233
Cstr_15.xml	objective	G_lcl_CP069514_1_prot_QRP19043_1_171	optimal	34.252233
Cstr_15.xml	objective	G_lcl_CP069514_1_prot_QRP19045_1_173	optimal	34.252233
Cstr_15.xml	objective	G_lcl_CP069514_1_prot_QRP19047_1_175	optimal	34.252233
Cstr_15.xml	objective	G_lcl_CP069514_1_prot_QRP19051_1_179	optimal	34.252233
Cstr_15.xml	objective	G_lcl_CP069514_1_prot_QRP19052_1_180	optimal	34.252233
Cstr_15.xml	objective	G_lcl_CP069514_1_prot_QRP19054_1_183	optimal	34.252233
Cstr_15.xml	objective	G_lcl_CP069514_1_prot_QRP19055_1_184	optimal	34.252233
Cstr_15.xml	objective	G_lcl_CP069514_1_prot_QRP19056_1_185	optimal	34.252233
Cstr_15.xml	objective	G_lcl_CP069514_1_prot_QRP19057_1_186	optimal	34.252233
Cstr_15.xml	objective	G_lcl_CP069514_1_prot_QRP19059_1_188	optimal	34.252233
Cstr_15.xml	objective	G_lcl_CP069514_1_prot_QRP19061_1_190	optimal	34.252233
Cstr_15.xml	objective	G_lcl_CP069514_1_prot_QRP19062_1_191	optimal	34.252233
Cstr_15.xml	objective	G_lcl_CP069514_1_prot_QRP19064_1_193	optimal	34.252233
Cstr_15.xml	objective	G_lcl_CP069514_1_prot_QRP19068_1_197	optimal	34.252233
Cstr_15.xml	objective	G_lcl_CP069514_1_prot_QRP19071_1_200	optimal	34.252233
Cstr_15.xml	objective	G_lcl_CP069514_1_prot_QRP19075_1_204	optimal	34.252233
Cstr_15.xml	objective	G_lcl_CP069514_1_prot_QRP19078_1_207	optimal	34.252233
Cstr_15.xml	objective	G_lcl_CP069514_1_prot_QRP19080_1_209	optimal	34.252233
Cstr_15.xml	objective	G_lcl_CP069514_1_prot_QRP19090_1_224	optimal	34.252233
Cstr_15.xml	objective	G_lcl_CP069514_1_prot_QRP19097_1_231	optimal	0.0
Cstr_15.xml	objective	G_lcl_CP069514_1_prot_QRP19098_1_232	optimal	34.252233
Cstr_15.xml	objective	G_lcl_CP069514_1_prot_QRP19100_1_234	optimal	34.252233
Cstr_15.xml	objective	G_lcl_CP069514_1_prot_QRP19109_1_243	optimal	34.187891
Cstr_15.xml	objective	G_lcl_CP069514_1_prot_QRP19110_1_244	optimal	34.187891
Cstr_15.xml	objective	G_lcl_CP069514_1_prot_QRP19111_1_245	optimal	34.187891
Cstr_15.xml	objective	G_lcl_CP069514_1_prot_QRP19113_1_247	optimal	34.252233
Cstr_15.xml	objective	G_lcl_CP069514_1_prot_QRP19115_1_249	optimal	34.252233
Cstr_15.xml	objective	G_lcl_CP069514_1_prot_QRP19120_1_254	optimal	34.252233
Cstr_15.xml	objective	G_lcl_CP069514_1_prot_QRP19121_1_255	optimal	34.252233
Cstr_15.xml	objective	G_lcl_CP069514_1_prot_QRP19131_1_268	optimal	34.252233
Cstr_15.xml	objective	G_lcl_CP069514_1_prot_QRP19148_1_287	optimal	34.252233
Cstr_15.xml	objective	G_lcl_CP069514_1_prot_QRP19149_1_288	optimal	34.252233
Cstr_15.xml	objective	G_lcl_CP069514_1_prot_QRP19151_1_290	optimal	34.252233
Cstr_15.xml	objective	G_lcl_CP069514_1_prot_QRP19157_1_297	optimal	34.252233
Cstr_15.xml	objective	G_lcl_CP069514_1_prot_QRP19179_1_335	optimal	34.252233
Cstr_15.xml	objective	G_lcl_CP069514_1_prot_QRP19184_1_340	optimal	0.0
Cstr_15.xml	objective	G_lcl_CP069514_1_prot_QRP19191_1_351	optimal	34.252233
Cstr_15.xml	objective	G_lcl_CP069514_1_prot_QRP19199_1_362	optimal	34.252233
Cstr_15.xml	objective	G_lcl_CP069514_1_prot_QRP19204_1_368	optimal	34.252233
Cstr_15.xml	objective	G_lcl_CP069514_1_prot_QRP19208_1_372	optimal	34.252233
Cstr_15.xml	objective	G_lcl_CP069514_1_prot_QRP19222_1_397	optimal	34.252233
Cstr_15.xml	objective	G_lcl_CP069514_1_prot_QRP19226_1_401	optimal	34.252233
Cstr_15.xml	objective	G_lcl_CP069514_1_prot_QRP19229_1_404	optimal	34.252233
Cstr_15.xml	objective	G_lcl_CP069514_1_prot_QRP19230_1_405	optimal	34.252233
Cstr_15.xml	objective	G_lcl_CP069514_1_prot_QRP19233_1_408	optimal	34.252233
Cstr_15.xml	objective	G_lcl_CP069514_1_prot_QRP19242_1_418	optimal	34.252233
Cstr_15.xml	objective	G_lcl_CP069514_1_prot_QRP19248_1_424	optimal	34.252233
Cstr_15.xml	objective	G_lcl_CP069514_1_prot_QRP19249_1_425	optimal	34.252233
Cstr_15.xml	objective	G_lcl_CP069514_1_prot_QRP19261_1_438	optimal	34.252233
Cstr_15.xml	objective	G_lcl_CP069514_1_prot_QRP19264_1_442	optimal	34.252233
Cstr_15.xml	objective	G_lcl_CP069514_1_prot_QRP19279_1_457	optimal	34.252233
Cstr_15.xml	objective	G_lcl_CP069514_1_prot_QRP19283_1_461	optimal	34.252233
Cstr_15.xml	objective	G_lcl_CP069514_1_prot_QRP19286_1_465	optimal	34.252233
Cstr_15.xml	objective	G_lcl_CP069514_1_prot_QRP19290_1_469	optimal	34.252233
Cstr_15.xml	objective	G_lcl_CP069514_1_prot_QRP19291_1_470	optimal	34.252233
Cstr_15.xml	objective	G_lcl_CP069514_1_prot_QRP19314_1_497	optimal	34.252233
Cstr_15.xml	objective	G_lcl_CP069514_1_prot_QRP19319_1_502	optimal	34.252233
Cstr_15.xml	objective	G_lcl_CP069514_1_prot_QRP19320_1_503	optimal	34.252233
Cstr_15.xml	objective	G_lcl_CP069514_1_prot_QRP19321_1_504	optimal	34.252233
Cstr_15.xml	objective	G_lcl_CP069514_1_prot_QRP19322_1_505	optimal	34.252233
Cstr_15.xml	objective	G_lcl_CP069514_1_prot_QRP19323_1_507	optimal	34.252233
Cstr_15.xml	objective	G_lcl_CP069514_1_prot_QRP19333_1_517	optimal	34.252233
Cstr_15.xml	objective	G_lcl_CP069514_1_prot_QRP19338_1_522	optimal	34.252233
Cstr_15.xml	objective	G_lcl_CP069514_1_prot_QRP19339_1_523	optimal	34.252233
Cstr_15.xml	objective	G_lcl_CP069514_1_prot_QRP19340_1_524	optimal	34.252233
Cstr_15.xml	objective	G_lcl_CP069514_1_prot_QRP19343_1_527	optimal	34.252233
Cstr_15.xml	objective	G_lcl_CP069514_1_prot_QRP19344_1_529	optimal	34.252233
Cstr_15.xml	objective	G_lcl_CP069514_1_prot_QRP19345_1_530	optimal	34.252233
Cstr_15.xml	objective	G_lcl_CP069514_1_prot_QRP19346_1_531	optimal	34.252233
Cstr_15.xml	objective	G_lcl_CP069514_1_prot_QRP19351_1_536	optimal	34.203475
Cstr_15.xml	objective	G_lcl_CP069514_1_prot_QRP19352_1_537	optimal	34.252233
Cstr_15.xml	objective	G_lcl_CP069514_1_prot_QRP19361_1_546	optimal	34.252233
Cstr_15.xml	objective	G_lcl_CP069514_1_prot_QRP19362_1_547	optimal	34.252233
Cstr_15.xml	objective	G_lcl_CP069514_1_prot_QRP19365_1_550	optimal	34.252233
Cstr_15.xml	objective	G_lcl_CP069514_1_prot_QRP19375_1_561	optimal	34.252233
Cstr_15.xml	objective	G_lcl_CP069514_1_prot_QRP19376_1_562	optimal	34.252233
Cstr_15.xml	objective	G_lcl_CP069514_1_prot_QRP19394_1_587	optimal	34.252233
Cstr_15.xml	objective	G_lcl_CP069514_1_prot_QRP19395_1_588	optimal	34.252233
Cstr_15.xml	objective	G_lcl_CP069514_1_prot_QRP19400_1_596	optimal	34.252233
Cstr_15.xml	objective	G_lcl_CP069514_1_prot_QRP19401_1_597	optimal	34.252233
Cstr_15.xml	objective	G_lcl_CP069514_1_prot_QRP19403_1_599	optimal	34.252233
Cstr_15.xml	objective	G_lcl_CP069514_1_prot_QRP19405_1_601	optimal	34.252233
Cstr_15.xml	objective	G_lcl_CP069514_1_prot_QRP19415_1_611	optimal	34.252233
Cstr_15.xml	objective	G_lcl_CP069514_1_prot_QRP19416_1_612	optimal	34.252182
Cstr_15.xml	objective	G_lcl_CP069514_1_prot_QRP19417_1_613	optimal	34.252182
Cstr_15.xml	objective	G_lcl_CP069514_1_prot_QRP19420_1_616	optimal	26.517858
Cstr_15.xml	objective	G_lcl_CP069514_1_prot_QRP19426_1_623	optimal	34.252233
Cstr_15.xml	objective	G_lcl_CP069514_1_prot_QRP19427_1_624	optimal	34.252233
Cstr_15.xml	objective	G_lcl_CP069514_1_prot_QRP19448_1_645	optimal	34.252233
Cstr_15.xml	objective	G_lcl_CP069514_1_prot_QRP19449_1_646	optimal	34.252233
Cstr_15.xml	objective	G_lcl_CP069514_1_prot_QRP19453_1_650	optimal	34.252233
Cstr_15.xml	objective	G_lcl_CP069514_1_prot_QRP19455_1_652	optimal	34.252233
Cstr_15.xml	objective	G_lcl_CP069514_1_prot_QRP19458_1_655	optimal	34.252233
Cstr_15.xml	objective	G_lcl_CP069514_1_prot_QRP19459_1_656	optimal	34.252233
Cstr_15.xml	objective	G_lcl_CP069514_1_prot_QRP19467_1_664	optimal	34.252233
Cstr_15.xml	objective	G_lcl_CP069514_1_prot_QRP19468_1_665	optimal	34.252233
Cstr_15.xml	objective	G_lcl_CP069514_1_prot_QRP19469_1_666	optimal	34.252233
Cstr_15.xml	objective	G_lcl_CP069514_1_prot_QRP19470_1_667	optimal	34.252233
Cstr_15.xml	objective	G_lcl_CP069514_1_prot_QRP19471_1_668	optimal	34.252233
Cstr_15.xml	objective	G_lcl_CP069514_1_prot_QRP19472_1_669	optimal	34.252233
Cstr_15.xml	objective	G_lcl_CP069514_1_prot_QRP19474_1_671	optimal	34.252233
Cstr_15.xml	objective	G_lcl_CP069514_1_prot_QRP19475_1_672	optimal	34.252233
Cstr_15.xml	objective	G_lcl_CP069514_1_prot_QRP19476_1_673	optimal	34.252233
Cstr_15.xml	objective	G_lcl_CP069514_1_prot_QRP19478_1_675	optimal	34.252233
Cstr_15.xml	objective	G_lcl_CP069514_1_prot_QRP19480_1_677	optimal	34.252233
Cstr_15.xml	objective	G_lcl_CP069514_1_prot_QRP19481_1_678	optimal	34.252233
Cstr_15.xml	objective	G_lcl_CP069514_1_prot_QRP19482_1_679	optimal	34.187891
Cstr_15.xml	objective	G_lcl_CP069514_1_prot_QRP19485_1_682	optimal	34.252233
Cstr_15.xml	objective	G_lcl_CP069514_1_prot_QRP19490_1_689	optimal	34.252233
Cstr_15.xml	objective	G_lcl_CP069514_1_prot_QRP19512_1_717	optimal	34.252233
Cstr_15.xml	objective	G_lcl_CP069514_1_prot_QRP19515_1_720	optimal	34.252233
Cstr_15.xml	objective	G_lcl_CP069514_1_prot_QRP19516_1_721	optimal	34.252233
Cstr_15.xml	objective	G_lcl_CP069514_1_prot_QRP19517_1_722	optimal	34.252233
Cstr_15.xml	objective	G_lcl_CP069514_1_prot_QRP19518_1_723	optimal	34.252233
Cstr_15.xml	objective	G_lcl_CP069514_1_prot_QRP19519_1_724	optimal	34.252233
Cstr_15.xml	objective	G_lcl_CP069514_1_prot_QRP19520_1_725	optimal	34.252233
Cstr_15.xml	objective	G_lcl_CP069514_1_prot_QRP19521_1_726	optimal	34.252233
Cstr_15.xml	objective	G_lcl_CP069514_1_prot_QRP19522_1_727	optimal	34.252233
Cstr_15.xml	objective	G_lcl_CP069514_1_prot_QRP19523_1_729	optimal	34.252233
Cstr_15.xml	objective	G_lcl_CP069514_1_prot_QRP19525_1_731	optimal	34.252233
Cstr_15.xml	objective	G_lcl_CP069514_1_prot_QRP19526_1_732	optimal	34.25222
Cstr_15.xml	objective	G_lcl_CP069514_1_prot_QRP19528_1_734	optimal	34.252233
Cstr_15.xml	objective	G_lcl_CP069514_1_prot_QRP19530_1_736	optimal	34.252233
Cstr_15.xml	objective	G_lcl_CP069514_1_prot_QRP19533_1_740	optimal	34.252233
Cstr_15.xml	objective	G_lcl_CP069514_1_prot_QRP19535_1_742	optimal	34.252233
Cstr_15.xml	objective	G_lcl_CP069514_1_prot_QRP19553_1_763	optimal	34.252233
Cstr_15.xml	objective	G_lcl_CP069514_1_prot_QRP19554_1_764	optimal	34.252139
Cstr_15.xml	objective	G_lcl_CP069514_1_prot_QRP19556_1_766	optimal	34.252233
Cstr_15.xml	objective	G_lcl_CP069514_1_prot_QRP19560_1_770	optimal	34.252233
Cstr_15.xml	objective	G_lcl_CP069514_1_prot_QRP19562_1_772	optimal	34.252233
Cstr_15.xml	objective	G_lcl_CP069514_1_prot_QRP19572_1_782	optimal	34.252233
Cstr_15.xml	objective	G_lcl_CP069514_1_prot_QRP19577_1_788	optimal	34.252233
Cstr_15.xml	objective	G_lcl_CP069514_1_prot_QRP19578_1_789	optimal	34.252233
Cstr_15.xml	objective	G_lcl_CP069514_1_prot_QRP19580_1_791	optimal	27.320244
Cstr_15.xml	objective	G_lcl_CP069514_1_prot_QRP19581_1_792	optimal	34.252233
Cstr_15.xml	objective	G_lcl_CP069514_1_prot_QRP19586_1_797	optimal	34.252233
Cstr_15.xml	objective	G_lcl_CP069514_1_prot_QRP19587_1_798	optimal	34.252233
Cstr_15.xml	objective	G_lcl_CP069514_1_prot_QRP19593_1_804	optimal	34.252233
Cstr_15.xml	objective	G_lcl_CP069514_1_prot_QRP19594_1_805	optimal	34.245282
Cstr_15.xml	objective	G_lcl_CP069514_1_prot_QRP19595_1_806	optimal	34.252233
Cstr_15.xml	objective	G_lcl_CP069514_1_prot_QRP19596_1_807	optimal	34.252233
Cstr_15.xml	objective	G_lcl_CP069514_1_prot_QRP19620_1_834	optimal	34.252233
Cstr_15.xml	objective	G_lcl_CP069514_1_prot_QRP19633_1_847	optimal	34.252233
Cstr_15.xml	objective	G_lcl_CP069514_1_prot_QRP19636_1_850	optimal	34.252233
Cstr_15.xml	objective	G_lcl_CP069514_1_prot_QRP19654_1_870	optimal	34.252233
Cstr_15.xml	objective	G_lcl_CP069514_1_prot_QRP19656_1_873	optimal	34.252233
Cstr_15.xml	objective	G_lcl_CP069514_1_prot_QRP19657_1_875	optimal	34.252233
Cstr_15.xml	objective	G_lcl_CP069514_1_prot_QRP19658_1_876	optimal	34.252233
Cstr_15.xml	objective	G_lcl_CP069514_1_prot_QRP19660_1_879	optimal	34.252233
Cstr_15.xml	objective	G_lcl_CP069514_1_prot_QRP19661_1_880	optimal	34.252233
Cstr_15.xml	objective	G_lcl_CP069514_1_prot_QRP19662_1_881	optimal	34.252233
Cstr_15.xml	objective	G_lcl_CP069514_1_prot_QRP19665_1_884	optimal	0.0
Cstr_15.xml	objective	G_lcl_CP069514_1_prot_QRP19667_1_886	optimal	34.252233
Cstr_15.xml	objective	G_lcl_CP069514_1_prot_QRP19668_1_887	optimal	34.252233
Cstr_15.xml	objective	G_lcl_CP069514_1_prot_QRP19670_1_891	optimal	34.252233
Cstr_15.xml	objective	G_lcl_CP069514_1_prot_QRP19674_1_895	optimal	0.0
Cstr_15.xml	objective	G_lcl_CP069514_1_prot_QRP19679_1_901	optimal	34.252233
Cstr_15.xml	objective	G_lcl_CP069514_1_prot_QRP19680_1_902	optimal	34.252233
Cstr_15.xml	objective	G_lcl_CP069514_1_prot_QRP19681_1_903	optimal	34.252233
Cstr_15.xml	objective	G_lcl_CP069514_1_prot_QRP19682_1_904	optimal	34.252233
Cstr_15.xml	objective	G_lcl_CP069514_1_prot_QRP19683_1_905	optimal	34.252233
Cstr_15.xml	objective	G_lcl_CP069514_1_prot_QRP19684_1_906	optimal	34.252233
Cstr_15.xml	objective	G_lcl_CP069514_1_prot_QRP19685_1_908	optimal	34.252233
Cstr_15.xml	objective	G_lcl_CP069514_1_prot_QRP19688_1_911	optimal	30.898805
Cstr_15.xml	objective	G_lcl_CP069514_1_prot_QRP19691_1_914	optimal	34.252233
Cstr_15.xml	objective	G_lcl_CP069514_1_prot_QRP19692_1_915	optimal	0.0
Cstr_15.xml	objective	G_lcl_CP069514_1_prot_QRP19694_1_917	optimal	34.252233
Cstr_15.xml	objective	G_lcl_CP069514_1_prot_QRP19697_1_920	optimal	34.252233
Cstr_15.xml	objective	G_lcl_CP069514_1_prot_QRP19698_1_921	optimal	34.252233
Cstr_15.xml	objective	G_lcl_CP069514_1_prot_QRP19699_1_922	optimal	34.252233
Cstr_15.xml	objective	G_lcl_CP069514_1_prot_QRP19702_1_925	optimal	34.252233
Cstr_15.xml	objective	G_lcl_CP069514_1_prot_QRP19704_1_928	optimal	34.252233
Cstr_15.xml	objective	G_lcl_CP069514_1_prot_QRP19706_1_930	optimal	34.252233
Cstr_15.xml	objective	G_lcl_CP069514_1_prot_QRP19714_1_939	optimal	34.252233
Cstr_15.xml	objective	G_lcl_CP069514_1_prot_QRP19717_1_942	optimal	34.252233
Cstr_15.xml	objective	G_lcl_CP069514_1_prot_QRP19718_1_943	optimal	34.252233
Cstr_15.xml	objective	G_lcl_CP069514_1_prot_QRP19719_1_944	optimal	34.252233
Cstr_15.xml	objective	G_lcl_CP069514_1_prot_QRP19726_1_951	optimal	34.252233
Cstr_15.xml	objective	G_lcl_CP069514_1_prot_QRP19728_1_954	optimal	34.252233
Cstr_15.xml	objective	G_lcl_CP069514_1_prot_QRP19731_1_957	optimal	34.252233
Cstr_15.xml	objective	G_lcl_CP069514_1_prot_QRP19734_1_960	optimal	34.252233
Cstr_15.xml	objective	G_lcl_CP069514_1_prot_QRP19737_1_963	optimal	34.252233
Cstr_15.xml	objective	G_lcl_CP069514_1_prot_QRP19739_1_965	optimal	0.0
Cstr_15.xml	objective	G_lcl_CP069514_1_prot_QRP19740_1_966	optimal	34.252233
Cstr_15.xml	objective	G_lcl_CP069514_1_prot_QRP19741_1_967	optimal	0.0
Cstr_15.xml	objective	G_lcl_CP069514_1_prot_QRP19742_1_968	optimal	0.0
Cstr_15.xml	objective	G_lcl_CP069514_1_prot_QRP19746_1_972	optimal	34.252233
Cstr_15.xml	objective	G_lcl_CP069514_1_prot_QRP19747_1_973	optimal	34.252233
Cstr_15.xml	objective	G_lcl_CP069514_1_prot_QRP19749_1_975	optimal	34.252233
Cstr_15.xml	objective	G_lcl_CP069514_1_prot_QRP19756_1_984	optimal	34.252233
Cstr_15.xml	objective	G_lcl_CP069514_1_prot_QRP19761_1_989	optimal	0.0
Cstr_15.xml	objective	G_lcl_CP069514_1_prot_QRP19762_1_990	optimal	0.0
Cstr_15.xml	objective	G_lcl_CP069514_1_prot_QRP19765_1_994	optimal	34.252233
Cstr_15.xml	objective	G_lcl_CP069514_1_prot_QRP19768_1_998	optimal	34.252233
Cstr_15.xml	objective	G_lcl_CP069514_1_prot_QRP19769_1_999	optimal	34.252233
Cstr_15.xml	objective	G_lcl_CP069514_1_prot_QRP19771_1_1001	optimal	34.252233
Cstr_15.xml	objective	G_lcl_CP069514_1_prot_QRP19772_1_1003	optimal	34.252233
Cstr_15.xml	objective	G_lcl_CP069514_1_prot_QRP19774_1_1005	optimal	34.118345
Cstr_15.xml	objective	G_lcl_CP069514_1_prot_QRP19776_1_1007	optimal	34.252233
Cstr_15.xml	objective	G_lcl_CP069514_1_prot_QRP19777_1_1008	optimal	34.252233
Cstr_15.xml	objective	G_lcl_CP069514_1_prot_QRP19781_1_1013	optimal	34.252233
Cstr_15.xml	objective	G_lcl_CP069514_1_prot_QRP19782_1_1014	optimal	0.0
Cstr_15.xml	objective	G_lcl_CP069514_1_prot_QRP19783_1_1015	optimal	34.252233
Cstr_15.xml	objective	G_lcl_CP069514_1_prot_QRP19789_1_1022	optimal	34.252233
Cstr_15.xml	objective	G_lcl_CP069514_1_prot_QRP19791_1_1024	optimal	34.252233
Cstr_15.xml	objective	G_lcl_CP069514_1_prot_QRP19792_1_1025	optimal	34.252233
Cstr_15.xml	objective	G_lcl_CP069514_1_prot_QRP19794_1_1027	optimal	34.252233
Cstr_15.xml	objective	G_lcl_CP069514_1_prot_QRP19795_1_1028	optimal	34.252233
Cstr_15.xml	objective	G_lcl_CP069514_1_prot_QRP19798_1_1031	optimal	34.252233
Cstr_15.xml	objective	G_lcl_CP069514_1_prot_QRP19802_1_1035	optimal	34.252233
Cstr_15.xml	objective	G_lcl_CP069514_1_prot_QRP19803_1_1036	optimal	34.252233
Cstr_15.xml	objective	G_lcl_CP069514_1_prot_QRP19804_1_1037	optimal	34.252233
Cstr_15.xml	objective	G_lcl_CP069514_1_prot_QRP19805_1_1038	optimal	34.252233
Cstr_15.xml	objective	G_lcl_CP069514_1_prot_QRP19806_1_1039	optimal	34.252233
Cstr_15.xml	objective	G_lcl_CP069514_1_prot_QRP19809_1_1042	optimal	34.252233
Cstr_15.xml	objective	G_lcl_CP069514_1_prot_QRP19810_1_1043	optimal	34.252233
Cstr_15.xml	objective	G_lcl_CP069514_1_prot_QRP19811_1_1044	optimal	34.252233
Cstr_15.xml	objective	G_lcl_CP069514_1_prot_QRP19812_1_1045	optimal	34.252233
Cstr_15.xml	objective	G_lcl_CP069514_1_prot_QRP19813_1_1046	optimal	34.252233
Cstr_15.xml	objective	G_lcl_CP069514_1_prot_QRP19817_1_1051	optimal	34.252233
Cstr_15.xml	objective	G_lcl_CP069514_1_prot_QRP19818_1_1052	optimal	34.252233
Cstr_15.xml	objective	G_lcl_CP069514_1_prot_QRP19820_1_1054	optimal	0.0
Cstr_15.xml	objective	G_lcl_CP069514_1_prot_QRP19826_1_1062	optimal	34.252233
Cstr_15.xml	objective	G_lcl_CP069514_1_prot_QRP19827_1_1063	optimal	34.252233
Cstr_15.xml	objective	G_lcl_CP069514_1_prot_QRP19831_1_1067	optimal	0.0
Cstr_15.xml	objective	G_lcl_CP069514_1_prot_QRP19834_1_1071	optimal	34.252233
Cstr_15.xml	objective	G_lcl_CP069514_1_prot_QRP19835_1_1072	optimal	34.252233
Cstr_15.xml	objective	G_lcl_CP069514_1_prot_QRP19837_1_1074	optimal	34.252233
Cstr_15.xml	objective	G_lcl_CP069514_1_prot_QRP19838_1_1075	optimal	34.252233
Cstr_15.xml	objective	G_lcl_CP069514_1_prot_QRP19841_1_1085	optimal	34.252233
Cstr_15.xml	objective	G_lcl_CP069514_1_prot_QRP19843_1_1087	optimal	34.252233
Cstr_15.xml	objective	G_lcl_CP069514_1_prot_QRP19844_1_1088	optimal	34.252233
Cstr_15.xml	objective	G_lcl_CP069514_1_prot_QRP19848_1_1092	optimal	34.252233
Cstr_15.xml	objective	G_lcl_CP069514_1_prot_QRP19850_1_1094	optimal	34.252233
Cstr_15.xml	objective	G_lcl_CP069514_1_prot_QRP19853_1_1097	optimal	34.252233
Cstr_15.xml	objective	G_lcl_CP069514_1_prot_QRP19854_1_1098	optimal	34.252233
Cstr_15.xml	objective	G_lcl_CP069514_1_prot_QRP19855_1_1099	optimal	34.252233
Cstr_15.xml	objective	G_lcl_CP069514_1_prot_QRP19856_1_1100	optimal	34.252233
Cstr_15.xml	objective	G_lcl_CP069514_1_prot_QRP19858_1_1103	optimal	34.252233
Cstr_15.xml	objective	G_lcl_CP069514_1_prot_QRP19859_1_1104	optimal	34.252233
Cstr_15.xml	objective	G_lcl_CP069514_1_prot_QRP19860_1_1105	optimal	34.252233
Cstr_15.xml	objective	G_lcl_CP069514_1_prot_QRP19863_1_1108	optimal	34.252233
Cstr_15.xml	objective	G_lcl_CP069514_1_prot_QRP19865_1_1110	optimal	34.252233
Cstr_15.xml	objective	G_lcl_CP069514_1_prot_QRP19866_1_1111	optimal	34.252233
Cstr_15.xml	objective	G_lcl_CP069514_1_prot_QRP19872_1_1117	optimal	34.252233
Cstr_15.xml	objective	G_lcl_CP069514_1_prot_QRP19879_1_1124	optimal	34.252233
Cstr_15.xml	objective	G_lcl_CP069514_1_prot_QRP19881_1_1127	optimal	34.252233
Cstr_15.xml	objective	G_lcl_CP069514_1_prot_QRP19884_1_1130	optimal	34.252233
Cstr_15.xml	objective	G_lcl_CP069514_1_prot_QRP19893_1_1143	optimal	34.252233
Cstr_15.xml	objective	G_lcl_CP069514_1_prot_QRP19894_1_1144	optimal	34.252233
Cstr_15.xml	objective	G_lcl_CP069514_1_prot_QRP19899_1_1150	optimal	34.252233
Cstr_15.xml	objective	G_lcl_CP069514_1_prot_QRP19912_1_1165	optimal	33.700299
Cstr_15.xml	objective	G_lcl_CP069514_1_prot_QRP19913_1_1166	optimal	34.252233
Cstr_15.xml	objective	G_lcl_CP069514_1_prot_QRP19922_1_1178	optimal	34.252233
Cstr_15.xml	objective	G_lcl_CP069514_1_prot_QRP19923_1_1179	optimal	34.252233
Cstr_15.xml	objective	G_lcl_CP069514_1_prot_QRP19929_1_1190	optimal	34.252233
Cstr_15.xml	objective	G_lcl_CP069514_1_prot_QRP19930_1_1191	optimal	34.252233
Cstr_15.xml	objective	G_lcl_CP069514_1_prot_QRP19931_1_1192	optimal	34.252233
Cstr_15.xml	objective	G_lcl_CP069514_1_prot_QRP19935_1_1196	optimal	34.252233
Cstr_15.xml	objective	G_lcl_CP069514_1_prot_QRP19936_1_1197	optimal	34.252233
Cstr_15.xml	objective	G_lcl_CP069514_1_prot_QRP19940_1_1201	optimal	34.252233
Cstr_15.xml	objective	G_lcl_CP069514_1_prot_QRP19941_1_1202	optimal	34.252233
Cstr_15.xml	objective	G_lcl_CP069514_1_prot_QRP19942_1_1203	optimal	34.252233
Cstr_15.xml	objective	G_lcl_CP069514_1_prot_QRP19947_1_1211	optimal	0.0
Cstr_15.xml	objective	G_lcl_CP069514_1_prot_QRP19953_1_1220	optimal	34.252233
Cstr_15.xml	objective	G_lcl_CP069514_1_prot_QRP19954_1_1222	optimal	34.252233
Cstr_15.xml	objective	G_lcl_CP069514_1_prot_QRP19959_1_1229	optimal	34.252233
Cstr_15.xml	objective	G_lcl_CP069514_1_prot_QRP19960_1_1230	optimal	34.252233
Cstr_15.xml	objective	G_lcl_CP069514_1_prot_QRP19961_1_1231	optimal	34.252233
Cstr_15.xml	objective	G_lcl_CP069514_1_prot_QRP19962_1_1232	optimal	0.0
Cstr_15.xml	objective	G_lcl_CP069514_1_prot_QRP19964_1_1234	optimal	34.252233
Cstr_15.xml	objective	G_lcl_CP069514_1_prot_QRP19970_1_1240	optimal	34.252233
Cstr_15.xml	objective	G_lcl_CP069514_1_prot_QRP19971_1_1241	optimal	34.252233
Cstr_15.xml	objective	G_lcl_CP069514_1_prot_QRP19979_1_1249	optimal	34.252233
Cstr_15.xml	objective	G_lcl_CP069514_1_prot_QRP19981_1_1255	optimal	34.252233
Cstr_15.xml	objective	G_lcl_CP069514_1_prot_QRP19982_1_1256	optimal	34.227154
Cstr_15.xml	objective	G_lcl_CP069514_1_prot_QRP19983_1_1257	optimal	34.227154
Cstr_15.xml	objective	G_lcl_CP069514_1_prot_QRP19986_1_1261	optimal	34.252233
Cstr_15.xml	objective	G_lcl_CP069514_1_prot_QRP19987_1_1262	optimal	34.252233
Cstr_15.xml	objective	G_lcl_CP069514_1_prot_QRP19988_1_1263	optimal	34.252233
Cstr_15.xml	objective	G_lcl_CP069514_1_prot_QRP19989_1_1265	optimal	34.252233
Cstr_15.xml	objective	G_lcl_CP069514_1_prot_QRP19990_1_1266	optimal	34.252233
Cstr_15.xml	objective	G_lcl_CP069514_1_prot_QRP20000_1_1277	optimal	34.252233
Cstr_15.xml	objective	G_lcl_CP069514_1_prot_QRP20006_1_1283	optimal	34.252233
Cstr_15.xml	objective	G_lcl_CP069514_1_prot_QRP20014_1_1291	optimal	34.252233
Cstr_15.xml	objective	G_lcl_CP069514_1_prot_QRP20018_1_1295	optimal	0.0
Cstr_15.xml	objective	G_lcl_CP069514_1_prot_QRP20026_1_1304	optimal	34.252233
Cstr_15.xml	objective	G_lcl_CP069514_1_prot_QRP20042_1_1327	optimal	34.252233
Cstr_15.xml	objective	G_lcl_CP069514_1_prot_QRP20043_1_1328	optimal	34.252233
Cstr_15.xml	objective	G_lcl_CP069514_1_prot_QRP20045_1_1330	optimal	34.252233
Cstr_15.xml	objective	G_lcl_CP069514_1_prot_QRP20046_1_1331	optimal	34.252233
Cstr_15.xml	objective	G_lcl_CP069514_1_prot_QRP20054_1_1340	optimal	34.252233
Cstr_15.xml	objective	G_lcl_CP069514_1_prot_QRP20058_1_1344	optimal	34.252233
Cstr_15.xml	objective	G_lcl_CP069514_1_prot_QRP20067_1_1353	optimal	34.252233
Cstr_15.xml	objective	G_lcl_CP069514_1_prot_QRP20076_1_70	optimal	34.252233
Cstr_15.xml	objective	G_lcl_CP069514_1_prot_QRP20079_1_150	optimal	34.252233
Cstr_15.xml	objective	G_lcl_CP069514_1_prot_QRP20080_1_152	optimal	34.252233
Cstr_15.xml	objective	G_lcl_CP069514_1_prot_QRP20090_1_334	optimal	34.252233
Cstr_15.xml	objective	G_lcl_CP069514_1_prot_QRP20097_1_440	optimal	34.252233
Cstr_15.xml	objective	G_lcl_CP069514_1_prot_QRP20098_1_462	optimal	34.252233
Cstr_15.xml	objective	G_lcl_CP069514_1_prot_QRP20108_1_728	optimal	34.252233
Cstr_15.xml	objective	G_lcl_CP069514_1_prot_QRP20112_1_813	optimal	34.252233
Cstr_15.xml	objective	G_lcl_CP069514_1_prot_QRP20119_1_889	optimal	34.252233
Cstr_15.xml	objective	G_lcl_CP069514_1_prot_QRP20123_1_931	optimal	34.252233
Cstr_15.xml	objective	G_lcl_CP069514_1_prot_QRP20124_1_952	optimal	34.252233
Cstr_15.xml	objective	G_lcl_CP069514_1_prot_QRP20127_1_997	optimal	34.252233
Cstr_15.xml	objective	G_lcl_CP069514_1_prot_QRP20130_1_1019	optimal	34.252233
Cstr_15.xml	objective	G_lcl_CP069514_1_prot_QRP20131_1_1068	optimal	34.252233
Cstr_15.xml	objective	G_lcl_CP069514_1_prot_QRP20132_1_1076	optimal	34.252233
Cstr_15.xml	objective	G_lcl_CP069514_1_prot_QRP20134_1_1079	optimal	34.252233
Cstr_15.xml	objective	G_lcl_CP069514_1_prot_QRP20139_1_1102	optimal	34.252233
Cstr_15.xml	objective	G_lcl_CP069514_1_prot_QRP20141_1_1145	optimal	34.252233
Cstr_15.xml	objective	G_lcl_CP069514_1_prot_QRP20144_1_1205	optimal	0.0
Cstr_15.xml	objective	G_lcl_CP069514_1_prot_QRP20145_1_1209	optimal	34.252233
Cstr_15.xml	objective	G_lcl_CP069514_1_prot_QRP20146_1_1221	optimal	34.252233
Cstr_15.xml	objective	G_lcl_CP069514_1_prot_QRP20148_1_1251	optimal	34.252233
Cstr_15.xml	objective	G_lcl_CP069514_1_prot_QRP20149_1_1258	optimal	34.252233
Cstr_15.xml	objective	G_lcl_CP069514_1_prot_QRP20154_1_1337	optimal	34.252233
Cstr_15.xml	objective	G_lcl_CP069514_1_prot_QRP20156_1_1405	optimal	34.252233
Cstr_15.xml	objective	G_lcl_CP069514_1_prot_QRP20165_1_1481	optimal	23.459279
Cstr_15.xml	objective	G_lcl_CP069514_1_prot_QRP20174_1_1600	optimal	34.252233
Cstr_15.xml	objective	G_lcl_CP069514_1_prot_QRP20180_1_1665	optimal	34.252233
Cstr_15.xml	objective	G_lcl_CP069514_1_prot_QRP20185_1_1691	optimal	34.252233
Cstr_15.xml	objective	G_lcl_CP069514_1_prot_QRP20186_1_1693	optimal	34.252233
Cstr_15.xml	objective	G_lcl_CP069514_1_prot_QRP20187_1_1715	optimal	34.252233
Cstr_15.xml	objective	G_lcl_CP069514_1_prot_QRP20192_1_1737	optimal	34.252233
Cstr_15.xml	objective	G_lcl_CP069514_1_prot_QRP20193_1_1743	optimal	34.252233
Cstr_15.xml	objective	G_lcl_CP069514_1_prot_QRP20194_1_1747	optimal	34.252233
Cstr_15.xml	objective	G_lcl_CP069514_1_prot_QRP20205_1_1873	optimal	34.252233
Cstr_15.xml	objective	G_lcl_CP069514_1_prot_QRP20207_1_1907	optimal	34.075619
Cstr_15.xml	objective	G_lcl_CP069514_1_prot_QRP20208_1_1931	optimal	0.0
Cstr_15.xml	objective	G_lcl_CP069514_1_prot_QRP20218_1_2121	optimal	34.252233
Cstr_15.xml	objective	G_lcl_CP069514_1_prot_QRP20222_1_2158	optimal	34.220032
Cstr_15.xml	objective	G_lcl_CP069514_1_prot_QRP20226_1_2183	optimal	30.618133
Cstr_15.xml	objective	G_lcl_CP069514_1_prot_QRP20227_1_2196	optimal	34.252233
Cstr_15.xml	objective	G_lcl_CP069514_1_prot_QRP20228_1_2198	optimal	34.252233
Cstr_15.xml	objective	G_lcl_CP069514_1_prot_QRP20236_1_2294	optimal	34.252233
Cstr_15.xml	objective	G_lcl_CP069514_1_prot_QRP20244_1_2427	optimal	34.252233
Cstr_15.xml	objective	G_lcl_CP069514_1_prot_QRP20250_1_2458	optimal	34.252233
Cstr_15.xml	objective	G_lcl_CP069514_1_prot_QRP20253_1_2500	optimal	34.252233
Cstr_15.xml	objective	G_lcl_CP069514_1_prot_QRP20254_1_2526	optimal	34.252233
Cstr_15.xml	objective	G_lcl_CP069514_1_prot_QRP20255_1_2527	optimal	34.252233
Cstr_15.xml	objective	G_lcl_CP069514_1_prot_QRP20259_1_2572	optimal	30.792539
Cstr_15.xml	objective	G_lcl_CP069514_1_prot_QRP20260_1_2599	optimal	34.252233
Cstr_15.xml	objective	G_lcl_CP069514_1_prot_QRP20263_1_2635	optimal	34.252233
Cstr_15.xml	objective	G_lcl_CP069514_1_prot_QRP20265_1_2663	optimal	34.252233
Cstr_15.xml	objective	G_lcl_CP069514_1_prot_QRP20269_1_2683	optimal	34.252233
Cstr_15.xml	objective	G_spontaneous	optimal	0.0
